timestamp,sma_20,sma_50,volatility,momentum,label,action
2025-06-21 17:00:00,,,,,hold,hold
2025-06-21 19:00:00,,,,,hold,hold
2025-06-21 23:00:00,,,,-0.0023724792408066353,hold,hold
2025-06-22 02:00:00,,,,-0.017564402810304247,hold,hold
2025-06-22 03:00:00,,,,0.007237635705669598,hold,hold
2025-06-22 04:00:00,,,,0.013780707010185855,hold,hold
2025-06-22 08:00:00,,,,0.005363528009535212,hold,hold
2025-06-22 11:00:00,,,,-0.01651917404129777,hold,hold
2025-06-22 19:00:00,16.571,,0.012241537952243371,-0.01726263871763256,buy,buy
2025-06-22 20:00:00,16.525,,0.011677726070138872,-0.014723926380368235,buy,buy
2025-06-22 21:00:00,16.481,,0.01023896384668659,-0.004987531172069737,buy,buy
2025-06-22 23:00:00,16.453,,0.011705860190900415,0.01848428835489835,buy,buy
2025-06-23 00:00:00,16.435499999999998,,0.01152606613746216,0.03111387678904798,buy,buy
2025-06-23 05:00:00,16.3895,,0.011470563608974804,0.016333938294010864,buy,buy
2025-06-23 07:00:00,16.4145,,0.011451582458407985,0.014397120575884825,buy,buy
2025-06-23 08:00:00,16.434,,0.011623311102142759,0.027059530968129852,hold,hold
2025-06-23 10:00:00,16.508499999999998,,0.01104297019071708,0.015024038461538547,buy,buy
2025-06-23 11:00:00,16.55,,0.011046329410638359,0.004166666666666652,buy,buy
2025-06-23 15:00:00,16.723499999999998,,0.009326291995947396,-0.02102803738317749,buy,buy
2025-06-23 18:00:00,16.828,16.6804,0.012903434352873827,0.007042253521126751,buy,buy
2025-06-23 20:00:00,16.914,16.703200000000002,0.012846402910531915,0.03180212014134276,buy,buy
2025-06-23 21:00:00,16.9495,16.7152,0.012910624586560948,0.03699284009546533,buy,buy
2025-06-24 01:00:00,17.2325,16.8168,0.013846565979320553,0.049132947976878505,hold,hold
2025-06-24 04:00:00,17.398500000000002,16.8898,0.013737505036490093,0.002774694783573839,hold,hold
2025-06-24 10:00:00,17.7565,17.0478,0.014299567697053718,0.003873824017708971,hold,hold
2025-06-24 16:00:00,18.105999999999998,17.2474,0.012579565780127708,0.014332965821389099,sell,sell
2025-06-24 18:00:00,18.148,17.3278,0.01096754678138478,0.0,hold,hold
2025-06-25 00:00:00,18.1785,17.5766,0.007660986783362085,0.011049723756906049,sell,sell
2025-06-25 03:00:00,18.1615,17.6718,0.00759671639313845,-0.004395604395604269,hold,hold
2025-06-25 04:00:00,18.1645,17.7014,0.007597614787769708,-0.002203856749311228,hold,hold
2025-06-25 12:00:00,18.080000000000002,17.876,0.005932217606646294,-0.00830105146651905,hold,hold
2025-06-25 13:00:00,18.0745,17.8992,0.006072127614588204,0.0,sell,sell
2025-06-25 18:00:00,17.9555,17.9798,0.005659176082271564,-0.017857142857142905,hold,hold
2025-06-25 20:00:00,17.9025,18.0064,0.005575001286013421,-0.003370786516854074,hold,hold
2025-06-25 22:00:00,17.838,18.0124,0.005779740175941562,-0.00624645088018172,hold,hold
2025-06-25 23:00:00,17.8105,18.016199999999998,0.005762186240514157,-0.0062217194570135526,hold,hold
2025-06-26 01:00:00,17.766000000000002,17.9994,0.005963717744938471,-0.002256063169768674,hold,hold
2025-06-26 02:00:00,17.7555,17.996199999999998,0.006348566216256444,0.006764374295377795,hold,hold
2025-06-26 03:00:00,17.741999999999997,17.9884,0.00640626257761161,0.007945516458569779,hold,hold
2025-06-26 04:00:00,17.732000000000003,17.9802,0.0064188517964441335,0.01200000000000001,hold,hold
2025-06-26 05:00:00,17.723,17.971,0.006457872808768164,0.0017074558907228532,hold,hold
2025-06-26 07:00:00,17.697000000000003,17.95,0.006580044392107806,0.002826455624646451,hold,hold
2025-06-26 08:00:00,17.681,17.933000000000003,0.00663368163274761,-0.014557670772676223,hold,hold
2025-06-26 09:00:00,17.651,17.9204,0.006753786244953834,-0.01858108108108114,hold,hold
2025-06-26 10:00:00,17.635,17.909000000000002,0.006609963519341383,-0.012987012987012991,hold,hold
2025-06-26 12:00:00,17.6105,17.878200000000003,0.0065349595116320665,-0.019274376417233507,hold,hold
2025-06-26 15:00:00,17.547,17.826999999999998,0.00568624833130823,-0.0103270223752151,hold,hold
2025-06-26 16:00:00,17.5205,17.8072,0.005678883736134364,-0.015446224256292829,hold,hold
2025-06-26 19:00:00,17.4725,17.7476,0.0055184721465658905,0.007558139534883601,hold,hold
2025-06-27 04:00:00,17.319,17.5972,0.006452449595050371,0.018604651162790642,hold,hold
2025-06-27 07:00:00,17.314500000000002,17.5568,0.006500726077742803,0.00461627236006934,hold,hold
2025-06-27 12:00:00,17.3695,17.51,0.006422442786133912,-0.008022922636103158,hold,hold
2025-06-27 21:00:00,17.446,17.4476,0.007585939378520153,-0.0011402508551880963,buy,buy
2025-06-28 00:00:00,17.4575,17.445,0.007347683468101224,0.022131624927198557,hold,hold
2025-06-28 14:00:00,17.582,17.45,0.0059200511045410945,0.0005668934240361523,hold,hold
2025-06-28 15:00:00,17.6025,17.461,0.005775420516825703,0.0028248587570622874,hold,hold
2025-06-28 20:00:00,17.698500000000003,17.5306,0.0039193363137296055,0.01246458923512761,hold,hold
2025-06-28 22:00:00,17.7375,17.554799999999997,0.003971970599408256,0.01291409320606407,buy,buy
2025-06-29 00:00:00,17.779,17.5842,0.004042278367036022,-0.0016666666666667052,buy,buy
2025-06-29 05:00:00,17.838,17.6376,0.004076668982410598,-0.004451864218141255,hold,hold
2025-06-29 10:00:00,17.94,17.6948,0.003940915726672779,0.01065022421524664,hold,hold
2025-06-29 13:00:00,17.964499999999997,17.726399999999998,0.003910995132658239,-0.0038802660753880502,hold,hold
2025-06-29 14:00:00,17.959,17.738,0.003981184574771784,-0.01050884955752196,hold,hold
2025-06-29 18:00:00,17.9575,17.774,0.003438853584004496,0.0011098779134295356,hold,hold
2025-06-29 20:00:00,17.9635,17.8046,0.0032786677761390695,0.006707657909446718,hold,hold
2025-06-29 22:00:00,18.023,17.8476,0.00781836091245213,0.04738015607580803,sell,sell
2025-06-29 23:00:00,18.069,17.8718,0.007798166469355202,0.04229271007234292,sell,sell
2025-06-30 01:00:00,18.137999999999998,17.9104,0.008161010991755766,0.022714681440443307,hold,hold
2025-06-30 05:00:00,18.186,17.9654,0.008507602548765937,-0.024559530165509935,sell,sell
2025-06-30 07:00:00,18.198500000000003,17.9914,0.008888285190939585,-0.011375947995666325,hold,hold
2025-06-30 09:00:00,18.206,18.009,0.009081939894976555,-0.014207650273224126,hold,hold
2025-06-30 11:00:00,18.227,18.025199999999998,0.009069441055653603,-0.010946907498631586,hold,hold
2025-06-30 15:00:00,18.2185,18.052,0.00925079908298745,-0.0011086474501108556,sell,sell
2025-06-30 16:00:00,18.219,18.0594,0.009185745633417055,-0.0033185840707964376,sell,sell
2025-06-30 18:00:00,18.1675,18.066599999999998,0.009192540231565202,-0.0033370411568408587,sell,sell
2025-06-30 19:00:00,18.1415,18.0708,0.009785555147508337,0.013919821826280598,sell,sell
2025-06-30 20:00:00,18.1145,18.073,0.009846468338836506,0.013430330162283122,sell,sell
2025-06-30 21:00:00,18.0885,18.0728,0.00988057195449754,-0.004439511653718031,sell,sell
2025-06-30 22:00:00,18.066,18.074,0.006453457971363884,-0.004994450610432799,sell,sell
2025-06-30 23:00:00,18.049,18.074,0.006488406918830331,-0.0022222222222221255,sell,sell
2025-07-01 00:00:00,18.0375,18.0718,0.006465754655458127,0.0005580357142855874,sell,sell
2025-07-01 01:00:00,18.0185,18.0702,0.006206077095256662,-0.0175727622185613,hold,hold
2025-07-01 06:00:00,17.902,18.0472,0.0065917619010327005,-0.018404907975460016,hold,hold
2025-07-01 13:00:00,17.741,17.9786,0.006210721208462086,-0.014172335600907027,hold,hold
2025-07-01 14:00:00,17.71,17.9642,0.006215049327294184,-0.01480637813211838,buy,buy
2025-07-01 19:00:00,17.502000000000002,17.8918,0.004799195994845109,-0.01782633697527325,buy,buy
2025-07-01 22:00:00,17.381,17.8328,0.004553418644780353,-0.01446759259259256,buy,buy
2025-07-01 23:00:00,17.345,17.811600000000002,0.004667748922456249,-0.01041666666666663,buy,buy
2025-07-02 09:00:00,17.2835,17.6126,0.005075821429079679,0.016792125072379704,buy,buy
2025-07-02 10:00:00,17.297,17.602,0.005072716612601484,0.005148741418764313,buy,buy
2025-07-02 12:00:00,17.3215,17.58,0.005009440564158676,-0.010204081632653073,buy,buy
2025-07-02 13:00:00,17.3395,17.5714,0.005395085518397078,0.0034129692832765013,buy,buy
2025-07-02 15:00:00,17.423,17.5696,0.005867136576597941,0.026195899772209597,hold,hold
2025-07-03 01:00:00,18.127000000000002,17.691799999999997,0.007998063788733311,-0.0016059957173447659,hold,hold
2025-07-03 05:00:00,18.347,17.7594,0.008161232104649979,0.02377093462992974,hold,hold
2025-07-03 07:00:00,18.500999999999998,17.822400000000002,0.008236498208440328,0.023056300268096575,sell,sell
2025-07-03 08:00:00,18.576,17.8496,0.008456809591538715,0.022102425876010745,sell,sell
2025-07-03 09:00:00,18.642,17.876,0.008421203884636333,0.022102425876010745,sell,sell
2025-07-03 10:00:00,18.693,17.901799999999998,0.008607245906368277,0.006944444444444642,sell,sell
2025-07-03 13:00:00,18.7565,17.9758,0.008781215399598922,-0.008385744234800652,sell,sell
2025-07-03 14:00:00,18.7595,18.000999999999998,0.009134500822219326,-0.014240506329113889,sell,sell
2025-07-03 16:00:00,18.7395,18.0448,0.00757954238116121,-0.018037135278514582,sell,sell
2025-07-03 17:00:00,18.732000000000003,18.0704,0.007562699920031061,-0.013312034078807211,sell,sell
2025-07-03 18:00:00,18.725,18.0952,0.0074582401648543555,-0.008565310492505307,sell,sell
2025-07-03 19:00:00,18.7275,18.1208,0.007450132050153554,-0.019027484143763318,sell,sell
2025-07-03 20:00:00,18.7295,18.151400000000002,0.007441597280929425,-0.0032102728731943087,sell,sell
2025-07-03 21:00:00,18.729499999999998,18.1828,0.007391251161629991,0.015242242787152804,sell,sell
2025-07-04 00:00:00,18.7245,18.2742,0.007213939099404018,0.0037796976241901703,sell,sell
2025-07-04 01:00:00,18.714000000000002,18.307000000000002,0.0073733132510511775,0.00969827586206895,sell,sell
2025-07-04 02:00:00,18.6905,18.3392,0.00734059735135153,0.0016103059581320522,sell,sell
2025-07-04 03:00:00,18.675,18.3702,0.007429183527983906,0.006434316353887359,sell,sell
2025-07-04 04:00:00,18.664499999999997,18.401999999999997,0.0072015004060913546,0.008606777837547153,sell,sell
2025-07-04 05:00:00,18.648500000000002,18.429399999999998,0.006807528012320129,0.005393743257821049,sell,sell
2025-07-04 09:00:00,18.5245,18.4788,0.007445142686009546,-0.03516249334043686,hold,hold
2025-07-04 10:00:00,18.4935,18.4884,0.0073988926563277576,-0.03626666666666667,hold,hold
2025-07-04 11:00:00,18.479499999999998,18.499000000000002,0.007408210771052889,-0.029506437768240357,hold,hold
2025-07-04 18:00:00,18.219,18.5016,0.005539699397005823,-0.022111663902708578,hold,hold
2025-07-04 20:00:00,18.1305,18.4658,0.0053543632621797675,-0.012297372833985354,hold,hold
2025-07-05 05:00:00,17.826999999999998,18.3212,0.0053392213590682325,0.0011235955056179137,hold,hold
2025-07-05 07:00:00,17.806,18.2826,0.004066263048754647,0.0033783783783782884,hold,hold
2025-07-05 14:00:00,17.812,18.131800000000002,0.004119336262186239,0.008455467869222133,hold,hold
2025-07-05 21:00:00,17.826999999999998,18.023,0.004427314361674642,0.0028042624789681447,buy,buy
2025-07-06 02:00:00,17.837,17.9502,0.004247409576811521,-0.006707657909446718,buy,buy
2025-07-06 03:00:00,17.8375,17.932000000000002,0.004280525381361007,-0.002796420581655523,buy,buy
2025-07-06 04:00:00,17.841,17.915,0.004154201382307702,-0.007799442896936015,buy,buy
2025-07-06 05:00:00,17.84,17.895599999999998,0.0040975244652785335,-0.006696428571428603,buy,buy
2025-07-06 10:00:00,17.832,17.8386,0.003914245046252168,0.00224592925322864,hold,hold
2025-07-06 12:00:00,17.845,17.833,0.004185807555613736,0.006703910614525244,hold,hold
2025-07-07 13:00:00,18.265500000000003,18.0498,0.005715072360901388,-0.0016393442622951726,hold,hold
2025-07-07 16:00:00,18.240000000000002,18.055999999999997,0.006433310188730061,-0.012679162072767425,hold,hold
2025-07-07 18:00:00,18.197,18.062,0.006293025114261776,-0.004977876106194712,buy,buy
2025-07-07 19:00:00,18.182499999999997,18.065800000000003,0.006199207891567309,-0.014778325123152691,hold,hold
2025-07-07 21:00:00,18.139999999999997,18.0734,0.006005345757269661,-0.005546311702717799,buy,buy
2025-07-08 01:00:00,18.0415,18.0716,0.006024274116355938,-0.011666666666666714,hold,hold
2025-07-08 04:00:00,17.970499999999998,18.0682,0.005742382034020996,-0.0050391937290032995,buy,buy
2025-07-08 05:00:00,17.953,18.0684,0.00580104726618015,-0.008337965536409087,buy,buy
2025-07-08 06:00:00,17.939,18.0694,0.00566404707512732,-0.0027917364600782424,buy,buy
2025-07-08 07:00:00,17.926,18.0716,0.005351902010113597,0.006745362563237878,buy,buy
2025-07-08 08:00:00,17.9165,18.071399999999997,0.005348741032399166,0.006752954417557744,buy,buy
2025-07-08 12:00:00,17.926000000000002,18.0936,0.005899131185817425,0.019596864501679745,hold,hold
2025-07-08 15:00:00,17.9435,18.097,0.004766848338919786,0.0061452513966482325,buy,buy
2025-07-08 19:00:00,18.024,18.1066,0.005635897070346517,0.008786381109280539,buy,buy
2025-07-08 21:00:00,18.0715,18.1146,0.005945525451202893,0.02220988339811214,buy,buy
2025-07-09 01:00:00,18.1685,18.111,0.005788872884892591,-0.011976047904191711,buy,buy
2025-07-09 03:00:00,18.194499999999998,18.1034,0.005822607545364234,-0.015752308527973935,buy,buy
2025-07-09 04:00:00,18.213500000000003,18.0992,0.006008948392289357,-0.004359673024523225,buy,buy
2025-07-09 07:00:00,18.2685,18.104,0.006235728929039446,0.014325068870523427,buy,buy
2025-07-09 08:00:00,18.277499999999996,18.109,0.006235249168525958,0.012107870115575015,buy,buy
2025-07-09 12:00:00,18.3555,18.129399999999997,0.005808556354415106,0.010309278350515427,buy,buy
2025-07-09 15:00:00,18.378,18.1516,0.005534423758056382,0.00706521739130439,buy,buy
2025-07-09 19:00:00,18.4595,18.2138,0.0071453066564492514,0.029079159935379684,buy,buy
2025-07-09 20:00:00,18.5105,18.239199999999997,0.006998865679011722,0.039395574743658957,buy,buy
2025-07-09 22:00:00,18.644000000000002,18.301199999999998,0.006928711174787379,0.04601391118245046,buy,buy
2025-07-10 00:00:00,18.768,18.3628,0.007006003306562037,0.0386058981233246,buy,buy
2025-07-10 01:00:00,18.819499999999998,18.3924,0.006839407206230473,0.018838304552590168,buy,buy
2025-07-10 03:00:00,18.9285,18.4588,0.006803598932058478,0.002572016460905102,buy,buy
2025-07-10 05:00:00,19.0335,18.5256,0.006835946840837523,-0.006153846153846176,buy,buy
2025-07-10 06:00:00,19.086000000000002,18.5594,0.006824041063325052,0.004646360351058254,buy,buy
2025-07-10 11:00:00,19.3315,18.725,0.006736944261252741,0.01031991744066052,buy,buy
2025-07-10 12:00:00,19.3805,18.7556,0.00672308496280911,0.010791366906474753,buy,buy
2025-07-10 13:00:00,19.429000000000002,18.783,0.006985971056178479,0.0005128205128206442,buy,buy
2025-07-10 19:00:00,19.564,18.968400000000003,0.0056728801637261255,0.013326499231163469,buy,buy
2025-07-11 15:00:00,20.864,19.967200000000002,0.009096716432408431,-0.005695301376364537,hold,hold
2025-07-11 23:00:00,21.0235,20.3158,0.007989992304924675,-0.030927835051546393,hold,hold
2025-07-12 00:00:00,21.0045,20.3362,0.008003411613563334,-0.034272300469483596,hold,hold
2025-07-12 03:00:00,21.0045,20.421,0.008199810471582261,0.001922152811148603,hold,hold
2025-07-12 14:00:00,20.811,20.7,0.008145218708867665,-0.007225433526011682,buy,buy
2025-07-12 16:00:00,20.734500000000004,20.735799999999998,0.007845558370387865,-0.024297284421152865,buy,buy
2025-07-12 20:00:00,20.738,20.8112,0.008460384192736717,-0.009218825812712161,buy,buy
2025-07-12 23:00:00,20.7125,20.8486,0.008268694216133337,-0.00528846153846152,hold,hold
2025-07-13 00:00:00,20.7235,20.851799999999997,0.008367279705870844,0.006268081002893,hold,hold
2025-07-13 02:00:00,20.7485,20.867600000000003,0.008158682599585586,0.028893241919686563,buy,buy
2025-07-13 04:00:00,20.78,20.8794,0.007925591592022671,0.023188405797101463,buy,buy
2025-07-13 06:00:00,20.791,20.885,0.008076099150374513,0.010062290368950455,buy,buy
2025-07-14 03:00:00,21.344,21.03,0.006967304364927607,0.028814359943315937,sell,sell
2025-07-14 04:00:00,21.383000000000003,21.0534,0.007282906212390445,0.04603701945894634,sell,sell
2025-07-14 05:00:00,21.4105,21.071600000000004,0.007609384053113722,0.026415094339622858,sell,sell
2025-07-14 06:00:00,21.438499999999998,21.092399999999998,0.0076577387964467504,0.021186440677966267,sell,sell
2025-07-14 07:00:00,21.467000000000002,21.1142,0.007451277734042601,0.015813953488372112,sell,sell
2025-07-14 09:00:00,21.5145,21.1508,0.007459129918106129,0.0013774104683195176,hold,hold
2025-07-14 14:00:00,21.6205,21.2442,0.007746946966126343,-0.0009195402298850519,sell,sell
2025-07-14 19:00:00,21.648500000000002,21.326600000000003,0.007952722368759811,-0.029223744292237286,hold,hold
2025-07-14 20:00:00,21.6515,21.3378,0.007951329015369194,-0.01978831109065804,hold,hold
2025-07-15 00:00:00,21.552500000000002,21.386200000000002,0.0075766797672185806,-0.007547169811320753,buy,buy
2025-07-15 02:00:00,21.471,21.391399999999997,0.00707244386083838,-0.022065727699530635,buy,buy
2025-07-15 03:00:00,21.408499999999997,21.3816,0.007088782226095802,-0.03604868913857673,buy,buy
2025-07-15 06:00:00,21.258000000000003,21.3638,0.006535459550056418,-0.010456273764258506,buy,buy
2025-07-15 11:00:00,21.095,21.351999999999997,0.007618709584494319,0.014416146083613635,buy,buy
2025-07-15 12:00:00,21.0705,21.351800000000004,0.007582177819751941,0.014409221902017322,buy,buy
2025-07-15 15:00:00,21.026999999999997,21.3354,0.008958648898717505,-0.006103286384976481,buy,buy
2025-07-15 16:00:00,21.026000000000003,21.3352,0.008900495244035082,0.008053055423969724,buy,buy
2025-07-15 18:00:00,21.051499999999997,21.3496,0.010540016706842004,0.012310606060605966,buy,buy
2025-07-15 22:00:00,21.197499999999998,21.3688,0.012041930056867026,0.046522556390977465,hold,hold
2025-07-15 23:00:00,21.2935,21.395599999999998,0.012144718079412834,0.03304268012849931,hold,hold
2025-07-16 00:00:00,21.372,21.421,0.012029442488040156,0.04490177736202061,hold,hold
2025-07-16 01:00:00,21.439999999999998,21.4404,0.012169622221451702,0.04526166902404527,hold,hold
2025-07-16 06:00:00,21.654,21.462400000000002,0.012541031965460296,-0.014771709937332012,buy,buy
2025-07-16 07:00:00,21.6975,21.4668,0.012507733341360199,-0.008570139828597223,buy,buy
2025-07-16 08:00:00,21.742,21.473200000000002,0.012305528710650306,0.009633027522935711,buy,buy
2025-07-16 09:00:00,21.788999999999998,21.477999999999998,0.012071499872411545,0.01704283740211876,buy,buy
2025-07-16 10:00:00,21.848999999999997,21.482,0.011972394497290952,0.0009119927040583953,buy,buy
2025-07-16 15:00:00,22.0325,21.511599999999998,0.010906730684499849,0.0013586956521740579,buy,buy
2025-07-16 21:00:00,22.172500000000003,21.65,0.007564850658209398,0.03392130257801895,hold,hold
2025-07-16 22:00:00,22.217000000000002,21.677799999999998,0.00739805360822241,0.015212527964205913,hold,hold
2025-07-16 23:00:00,22.264499999999998,21.7038,0.0070950280125282724,0.007558915073365924,buy,buy
2025-07-17 00:00:00,22.3005,21.7308,0.006898579706555773,0.003544528134691971,buy,buy
2025-07-17 07:00:00,22.457500000000003,21.9452,0.007121708855156718,0.02023381294964044,buy,buy
2025-07-17 08:00:00,22.4935,21.9846,0.007149011669735745,0.019686800894854528,buy,buy
2025-07-17 12:00:00,22.66,22.142999999999997,0.008105797640034903,0.011433597185576128,buy,buy
2025-07-17 13:00:00,22.670499999999997,22.1748,0.008627946358631199,0.00044072278536799736,buy,buy
2025-07-17 14:00:00,22.683500000000002,22.208999999999996,0.008416592585818799,0.001755155770074568,buy,buy
2025-07-17 18:00:00,22.676499999999997,22.338,0.008515904730851528,-0.0073913043478262,buy,buy
2025-07-17 20:00:00,22.6575,22.373199999999997,0.009190515842166324,-0.014016644765659114,buy,buy
2025-07-17 22:00:00,22.7185,22.4338,0.009652429514708488,0.02400000000000002,hold,hold
2025-07-18 00:00:00,22.9105,22.5146,0.012752552883156684,0.06833114323258882,sell,sell
2025-07-18 01:00:00,22.9975,22.5498,0.012061923341005025,0.08251561106155214,hold,hold
2025-07-18 05:00:00,23.326999999999998,22.7494,0.012194245374946877,0.04391468005018817,sell,sell
2025-07-18 09:00:00,23.637,22.950599999999998,0.01268388450411917,0.004110152075626816,hold,hold
2025-07-18 11:00:00,23.7835,23.038400000000003,0.012690217399564068,-0.03325320512820518,hold,hold
2025-07-18 19:00:00,24.2395,23.3294,0.012568954430452526,-0.03039014373716642,buy,buy
2025-07-19 08:00:00,23.694,23.596799999999998,0.008601418952107568,0.0008499787505311662,buy,buy
2025-07-19 12:00:00,23.622,23.6542,0.008146167080986434,-0.0016757436112275759,buy,buy
2025-07-19 17:00:00,23.617,23.7344,0.008375485898318097,0.006358626536667966,buy,buy
2025-07-19 18:00:00,23.669,23.771600000000003,0.009657080392688769,0.022240872849349502,buy,buy
2025-07-19 21:00:00,23.8715,23.893800000000002,0.011354892176621756,0.028329809725158528,buy,buy
2025-07-19 22:00:00,23.9125,23.9306,0.011171790712059676,0.023539302227826964,buy,buy
2025-07-20 01:00:00,24.003,24.0046,0.01044693937951787,-0.018036072144288595,buy,buy
2025-07-20 05:00:00,24.188,24.0288,0.010181019485154217,0.006122448979591688,buy,buy
2025-07-20 11:00:00,24.572,24.0688,0.010280529203114428,0.01947261663286004,buy,buy
2025-07-20 13:00:00,24.7075,24.104,0.010132403561499349,0.02144880615135558,buy,buy
2025-07-20 17:00:00,24.8315,24.190800000000003,0.009979799773743853,-0.0039793076004773775,buy,buy
2025-07-20 21:00:00,24.986,24.3032,0.005681472151159004,-0.006692913385826671,hold,hold
2025-07-21 00:00:00,25.054,24.4008,0.005931995905419041,-0.007533703409991932,hold,hold
2025-07-21 15:00:00,25.551499999999997,25.0226,0.005500893837832233,0.008570315543435791,hold,hold
2025-07-21 18:00:00,25.615999999999996,25.1402,0.006100481373946472,-0.019691119691119585,hold,hold
2025-07-22 10:00:00,25.502000000000002,25.4366,0.009725772174430908,0.019506369426751435,hold,hold
2025-07-22 12:00:00,25.4845,25.461600000000004,0.009680370766562144,0.002349256068911565,sell,sell
2025-07-22 13:00:00,25.454,25.461,0.010396532922749736,-0.021442495126705596,sell,sell
2025-07-22 14:00:00,25.4525,25.468199999999996,0.010652566080835648,0.002371541501976271,sell,sell
2025-07-22 16:00:00,25.4345,25.4592,0.01076228495878781,-0.023818820773135463,sell,sell
2025-07-22 17:00:00,25.413999999999998,25.4502,0.010667621840922762,-0.021568627450980427,sell,sell
2025-07-22 18:00:00,25.4025,25.448400000000003,0.010695194793548721,-0.014062500000000089,sell,sell
2025-07-22 19:00:00,25.3745,25.4452,0.01098069862917895,-0.009163346613545786,sell,sell
2025-07-22 20:00:00,25.3635,25.4448,0.011329868062025336,-0.006309148264984188,sell,sell
2025-07-22 21:00:00,25.341,25.446200000000005,0.011255998946541435,0.01481778133760514,sell,sell
2025-07-22 22:00:00,25.318,25.4518,0.011238915949838125,0.016800000000000148,sell,sell
2025-07-22 23:00:00,25.317500000000003,25.4648,0.011822802143623266,0.037274549098196275,sell,sell
2025-07-23 00:00:00,25.341,25.476599999999998,0.01207353586710819,0.013866877971473901,sell,sell
2025-07-23 01:00:00,25.356,25.489,0.011704223119598255,0.03176517893043829,sell,sell
2025-07-23 02:00:00,25.3625,25.501800000000003,0.011679452151654404,0.018650793650793807,sell,sell
2025-07-23 03:00:00,25.356,25.5092,0.011733249579456984,0.00710339384372527,sell,sell
2025-07-23 04:00:00,25.381500000000003,25.5204,0.01018186279856383,0.015342250196695328,sell,sell
2025-07-23 05:00:00,25.396,25.524199999999997,0.010149706358056874,-0.009659969088098963,sell,sell
2025-07-23 06:00:00,25.3825,25.522000000000002,0.010322993198593752,-0.009769441187964079,sell,sell
2025-07-23 07:00:00,25.375,25.517599999999998,0.010278262753355973,-0.012081060015588396,sell,sell
2025-07-23 08:00:00,25.372500000000002,25.5148,0.010011810786373065,-0.004674717569146947,sell,sell
2025-07-23 09:00:00,25.369999999999997,25.499200000000002,0.010807868849161113,-0.01841692789968652,sell,sell
2025-07-23 10:00:00,25.353,25.483800000000002,0.010547293042030968,-0.030608291359937922,sell,sell
2025-07-23 11:00:00,25.3555,25.4708,0.010523898348314777,-0.02380023410066323,sell,sell
2025-07-23 14:00:00,25.219,25.363000000000003,0.011894541041683979,-0.05596868884540118,hold,hold
2025-07-23 19:00:00,24.871,25.1746,0.012705266864909642,0.000419463087248495,hold,hold
2025-07-23 22:00:00,24.593,25.0874,0.01258682774063363,0.012663571127057738,hold,hold
2025-07-24 02:00:00,24.2955,24.9808,0.011923985896779937,0.016920473773265554,hold,hold
2025-07-24 05:00:00,24.028,24.8416,0.012461504367301333,-0.03799582463465556,hold,hold
2025-07-24 10:00:00,23.737000000000002,24.635800000000003,0.01314681527606034,-0.006353240152477735,hold,hold
2025-07-24 11:00:00,23.71,24.6054,0.013642348458997651,0.03385416666666674,hold,hold
2025-07-24 14:00:00,23.714499999999997,24.5038,0.013275400847487661,0.030521407376006726,sell,sell
2025-07-24 15:00:00,23.7315,24.485599999999998,0.013157587087593731,0.027612574341546292,sell,sell
2025-07-24 17:00:00,23.764000000000003,24.4394,0.012506092571953155,0.015113350125944613,hold,hold
2025-07-24 18:00:00,23.776,24.424,0.01239101056959062,0.02107037505267595,hold,hold
2025-07-24 19:00:00,23.7785,24.405,0.012453145001651475,0.017380245866892796,hold,hold
2025-07-24 20:00:00,23.7785,24.3836,0.012368141905773417,-0.005758946935417453,hold,hold
2025-07-24 21:00:00,23.766,24.365,0.0125344192826214,-0.01033484911120297,hold,hold
2025-07-25 00:00:00,23.734,24.265,0.012549708797509539,-0.035080478745357024,buy,buy
2025-07-25 02:00:00,23.781,24.1716,0.013110245778393623,-0.04013239553165093,buy,buy
2025-07-25 03:00:00,23.773,24.1206,0.013111329059734627,-0.03467000835421896,buy,buy
2025-07-25 05:00:00,23.7365,24.0248,0.012214143908178755,-0.025348542458808687,buy,buy
2025-07-25 06:00:00,23.7225,23.972199999999997,0.012069893237676672,-0.008554319931565413,buy,buy
2025-07-25 07:00:00,23.686500000000002,23.9216,0.01139188052264842,-0.021186440677966045,buy,buy
2025-07-25 11:00:00,23.612000000000002,23.7824,0.011396516200967346,0.02730819245773719,buy,buy
2025-07-25 22:00:00,23.460500000000003,23.6464,0.01025987970276349,0.025192143467122063,buy,buy
2025-07-25 23:00:00,23.5055,23.651999999999997,0.010025269584622515,0.028706083976006935,buy,buy
2025-07-26 02:00:00,23.6215,23.647799999999997,0.008982355771006933,0.010490977759127107,buy,buy
2025-07-26 03:00:00,23.6695,23.6452,0.008922988741034376,0.0054325114918512,buy,buy
2025-07-26 10:00:00,23.887,23.743399999999998,0.007427282704026009,0.00913621262458486,buy,buy
2025-07-26 12:00:00,23.985500000000002,23.7754,0.0073963321783172215,0.007887090078871006,buy,buy
2025-07-26 13:00:00,24.0355,23.7858,0.007400985136475321,0.010377750103777394,buy,buy
2025-07-26 16:00:00,24.217,23.8384,0.005539364085770224,0.01728395061728394,hold,hold
2025-07-26 17:00:00,24.249,23.846,0.005682290406773285,0.010279605263157965,buy,buy
2025-07-26 20:00:00,24.459,23.9248,0.01060383463257082,0.01618777822743822,hold,hold
2025-07-26 21:00:00,24.523,23.947400000000002,0.010599205043933902,0.012082158679017407,hold,hold
2025-07-26 22:00:00,24.5695,23.9642,0.010686775358699123,0.011731391585760642,buy,buy
2025-07-26 23:00:00,24.613500000000002,23.984199999999998,0.010721976760766054,0.01505901505901508,buy,buy
2025-07-27 01:00:00,24.697,24.031399999999998,0.010610316709827454,-0.018088871411718443,buy,buy
2025-07-27 02:00:00,24.7435,24.0642,0.010483835374402374,-0.0035842293906810374,buy,buy
2025-07-27 03:00:00,24.785999999999998,24.090999999999998,0.010519241658707424,-0.007560684440907184,buy,buy
2025-07-27 05:00:00,24.869,24.167600000000004,0.010513537416429177,0.006816359262229232,buy,buy
2025-07-27 06:00:00,24.913,24.2046,0.010443872808234111,0.008410092110532563,buy,buy
2025-07-27 09:00:00,25.002000000000002,24.311999999999998,0.01069072238118594,-0.006014434643143662,buy,buy
2025-07-27 14:00:00,25.031,24.452799999999996,0.010678849674413123,0.0020064205457461792,buy,buy
2025-07-28 00:00:00,25.278000000000002,24.8546,0.005379227593067127,0.02161949685534581,sell,sell
2025-07-28 01:00:00,25.315,24.891399999999997,0.0055618005558718195,0.016915814319433453,sell,sell
2025-07-28 02:00:00,25.368000000000002,24.9368,0.006219775641691126,0.027407987470634332,sell,sell
2025-07-28 03:00:00,25.424,24.9824,0.006259130420875022,0.02270058708414857,sell,sell
2025-07-28 04:00:00,25.503999999999998,25.0312,0.0067920981807442216,0.022359290670778575,sell,sell
2025-07-28 05:00:00,25.592,25.081000000000003,0.0067951050277537004,0.018802762854950084,sell,sell
2025-07-28 06:00:00,25.675,25.1344,0.006876992850117854,0.029242016160061723,sell,sell
2025-07-28 07:00:00,25.7555,25.181400000000004,0.006944920766903164,0.02669245647969043,sell,sell
2025-07-28 08:00:00,25.8365,25.233199999999997,0.006841560052033958,0.0167682926829269,sell,sell
2025-07-28 09:00:00,25.940500000000004,25.293200000000002,0.007070144520167293,0.036739380022962065,sell,sell
2025-07-28 10:00:00,26.044,25.35,0.006923586321863703,0.019607843137254832,sell,sell
2025-07-28 11:00:00,26.1565,25.41,0.006708091554240849,0.027495291902071672,sell,sell
2025-07-28 12:00:00,26.2575,25.468400000000003,0.006809196872421626,0.017570093457943914,sell,sell
2025-07-28 13:00:00,26.339500000000005,25.5212,0.007234469252497783,0.015825169555388152,sell,sell
2025-07-28 14:00:00,26.383999999999997,25.562199999999997,0.009004874816989415,-0.013118440779610219,sell,sell
2025-07-28 15:00:00,26.4155,25.5964,0.009380707748785343,-0.038390550018456926,sell,sell
2025-07-28 16:00:00,26.433,25.62,0.009447224930156869,-0.042529585798816494,sell,sell
2025-07-28 17:00:00,26.445,25.639200000000002,0.00946861862816749,-0.05461876832844581,sell,sell
2025-07-28 18:00:00,26.4275,25.656599999999997,0.009585913857396211,-0.059882439382806685,sell,sell
2025-07-28 19:00:00,26.401,25.6758,0.009598784521664076,-0.05304154302670627,sell,sell
2025-07-28 20:00:00,26.366999999999997,25.669,0.009712569465163884,-0.03873908089631595,sell,sell
2025-07-28 22:00:00,26.287,25.668000000000003,0.009147879899020049,-0.02703746620316727,hold,hold
2025-07-29 00:00:00,26.1615,25.667999999999996,0.009289751988587964,-0.02579132473622514,hold,hold
2025-07-29 01:00:00,26.07,25.663600000000002,0.009362661440406725,-0.031727379553466606,hold,hold
2025-07-29 02:00:00,25.9625,25.656200000000002,0.008655259332986238,-0.028052153299091165,hold,hold
2025-07-29 06:00:00,25.6085,25.6624,0.009171102311394537,0.014039310068191035,sell,sell
2025-07-29 07:00:00,25.517500000000002,25.669399999999996,0.009286414394423032,0.02993527508090632,sell,sell
2025-07-29 08:00:00,25.4185,25.6706,0.009267167151213526,0.0260162601626015,sell,sell
2025-07-29 09:00:00,25.3185,25.6696,0.008629978455258733,-0.0027966440271673942,sell,sell
2025-07-29 10:00:00,25.23,25.662399999999998,0.008998572010196323,-0.012861736334405127,sell,sell
2025-07-29 11:00:00,25.1635,25.660999999999998,0.00886402693260614,-0.014354066985645897,sell,sell
2025-07-29 12:00:00,25.1185,25.658999999999995,0.009373783678367009,-0.011471518987341889,sell,sell
2025-07-29 13:00:00,25.078,25.66,0.00930332547067085,-0.01885310290652009,sell,sell
2025-07-29 14:00:00,25.025,25.6494,0.0088501724931336,-0.02812995245641825,hold,hold
2025-07-29 15:00:00,24.964,25.6354,0.008793303096959032,-0.02604166666666674,sell,sell
2025-07-29 16:00:00,24.915,25.622600000000002,0.008794489547957704,-0.009364820846905597,sell,sell
2025-07-29 18:00:00,24.82,25.5898,0.008771955081672724,-0.030412164865946334,sell,sell
2025-07-29 21:00:00,24.7055,25.5176,0.009185928402059684,0.0032908268202387347,sell,sell
2025-07-29 22:00:00,24.693,25.4938,0.00916584040631677,0.0008220304151254076,sell,sell
2025-07-29 23:00:00,24.66,25.4702,0.00916612349505588,0.00041050903119876914,sell,sell
2025-07-30 00:00:00,24.627,25.4358,0.008991515926854434,-0.0004127115146512761,hold,hold
2025-07-30 04:00:00,24.43,25.2954,0.00815682519094533,-0.010677618069815265,hold,hold
2025-07-30 05:00:00,24.389499999999998,25.2558,0.007956473941252044,-0.009027492819039917,hold,hold
2025-07-30 18:00:00,23.791999999999998,24.437399999999997,0.009413480413070713,-0.017167381974249052,hold,hold
2025-07-30 20:00:00,23.685,24.338800000000003,0.00995771431170735,-0.016101694915254372,hold,hold
2025-07-30 22:00:00,23.5625,24.247799999999998,0.00953904871766895,-0.006866952789699621,hold,hold
2025-07-31 00:00:00,23.482499999999998,24.173599999999997,0.009826036663511476,0.024890829694323102,sell,sell
2025-07-31 01:00:00,23.446,24.1378,0.009711499920731552,0.00817907877744295,sell,sell
2025-07-31 02:00:00,23.413999999999998,24.110599999999998,0.009837906447942486,0.015073212747631404,sell,sell
2025-07-31 03:00:00,23.3985,24.09,0.009910499089596786,0.023326133909287394,sell,sell
2025-07-31 04:00:00,23.3965,24.0762,0.009998935076227114,0.03327571305099397,sell,sell
2025-07-31 05:00:00,23.413,24.0562,0.010042443288709837,0.03088803088803105,sell,sell
2025-07-31 06:00:00,23.434,24.038400000000003,0.0100306645881496,0.022155943757988794,sell,sell
2025-07-31 07:00:00,23.4565,24.014400000000002,0.009916891002674939,0.01964133219470532,sell,sell
2025-07-31 08:00:00,23.488999999999997,23.987799999999996,0.00992745999179983,0.01612218922358921,sell,sell
2025-07-31 09:00:00,23.5335,23.960600000000003,0.009744138181582556,0.017306880540312264,sell,sell
2025-07-31 10:00:00,23.551499999999997,23.935,0.00975335985678105,0.002091175240485077,sell,sell
2025-07-31 11:00:00,23.5735,23.909200000000002,0.010014280034693193,-0.014981273408239626,sell,sell
2025-07-31 12:00:00,23.5845,23.8884,0.010036169085211826,-0.019591496456856983,sell,sell
2025-07-31 13:00:00,23.5565,23.854400000000002,0.010947260971620165,-0.03601340033500833,sell,sell
2025-07-31 15:00:00,23.55,23.775,0.010116241371486744,-0.041078838174273935,sell,sell
2025-07-31 16:00:00,23.558500000000002,23.752200000000002,0.010407092363014953,-0.023789649415692837,sell,sell
2025-07-31 17:00:00,23.553,23.726799999999997,0.010533035482987774,-0.026615969581749166,sell,sell
2025-07-31 18:00:00,23.547,23.700599999999998,0.008695911891162617,-0.021258503401360596,sell,sell
2025-07-31 19:00:00,23.523,23.67,0.008313982744700042,-0.008253692441355431,sell,sell
2025-07-31 20:00:00,23.4895,23.641400000000004,0.008314738965894746,-0.003931847968545177,sell,sell
2025-07-31 21:00:00,23.454,23.613999999999997,0.008328065509805858,-0.017308524448290674,sell,sell
2025-07-31 22:00:00,23.4005,23.581999999999997,0.008505201138918067,-0.03805044890979048,sell,sell
2025-07-31 23:00:00,23.3395,23.543599999999998,0.008311278038227161,-0.02473958333333337,sell,sell
2025-08-01 02:00:00,23.094,23.4252,0.008173174524964551,-0.017105263157894735,hold,hold
2025-08-01 04:00:00,22.9325,23.3424,0.007883592958700763,-0.014666666666666606,hold,hold
2025-08-01 05:00:00,22.823,23.2948,0.007873625089792733,-0.024922118380062197,hold,hold
