timestamp,open,high,low,close,volume,sma_short,sma_long,volatility,momentum,label,action
2025-07-13 12:30:00,505.3,508.1,504.9,507.8,921.818,,,,,hold,hold
2025-07-13 13:30:00,508.6,514.1,508.4,510.0,7654.324,,,,,hold,hold
2025-07-13 14:00:00,510.1,513.0,508.1,511.6,1730.433,,,,,hold,hold
2025-07-13 15:00:00,507.8,511.4,507.7,510.0,1338.123,,,,,hold,hold
2025-07-13 15:30:00,509.9,509.9,505.1,506.0,1844.122,,,,,hold,hold
2025-07-13 16:00:00,506.0,508.6,505.2,507.4,656.19,,,,,hold,hold
2025-07-13 17:00:00,503.6,507.5,502.6,507.4,559.474,,,,,hold,hold
2025-07-13 17:30:00,507.5,507.8,506.3,506.7,150.724,,,,,hold,hold
2025-07-13 18:00:00,506.7,509.2,506.4,509.2,238.003,,,,,hold,hold
2025-07-13 20:00:00,508.5,510.0,507.5,510.0,198.618,,,,-0.0031274433150899617,hold,hold
2025-07-13 20:30:00,509.9,510.4,508.7,508.9,476.552,,,,0.0023636005515068614,hold,hold
2025-07-13 21:00:00,508.9,509.4,507.7,509.2,706.882,,,,-0.0015686274509804088,hold,hold
2025-07-13 21:30:00,509.2,509.4,504.1,506.2,1470.879,,,,0.00039525691699604515,hold,hold
2025-07-13 22:00:00,506.1,506.7,502.1,503.0,1080.841,,,,-0.008671659440283808,hold,hold
2025-07-13 23:30:00,507.0,508.1,506.7,508.0,529.75,,,,0.002565620682849934,hold,hold
2025-07-14 00:00:00,508.1,509.3,506.9,507.9,564.319,,,,-0.0025530243519246154,hold,hold
2025-07-14 00:30:00,507.9,508.9,507.1,507.1,303.526,,,,-0.00294927251278021,hold,hold
2025-07-14 01:00:00,507.2,507.4,504.7,505.4,555.046,,,,-0.009602194787380003,hold,hold
2025-07-14 01:30:00,505.4,506.6,504.2,504.9,794.452,,,,-0.0070796460176991705,hold,hold
2025-07-14 03:00:00,507.4,511.2,507.1,511.2,930.78,,,,0.003927729772191579,sell,sell
2025-07-14 03:30:00,511.2,515.6,510.5,514.7,2093.91,,,,0.016791781904385683,sell,sell
2025-07-14 04:00:00,514.7,517.8,513.3,516.8,1099.075,,,,0.027435387673956146,sell,sell
2025-07-14 04:30:00,516.7,517.7,515.4,516.6,1063.052,,,,0.022362952701365568,sell,sell
2025-07-14 05:00:00,516.5,518.3,514.6,518.2,1969.265,,,,0.022292365358058897,sell,sell
2025-07-14 05:30:00,518.2,518.8,509.9,514.0,2419.684,,,,0.011811023622047223,sell,sell
2025-07-14 06:00:00,514.1,514.3,510.3,513.4,1641.322,,,,0.010828903327426698,sell,sell
2025-07-14 06:30:00,513.5,513.6,510.8,511.8,625.476,,,,0.009268388877933242,sell,sell
2025-07-14 07:00:00,511.8,516.5,511.7,516.4,767.356,,,,0.021764938662445665,sell,sell
2025-07-14 07:30:00,516.4,527.2,516.2,517.3,7688.272,,,,0.024559318676965702,sell,sell
2025-07-14 08:00:00,517.4,518.6,514.8,515.8,1843.499,509.7075,,,0.01435594886922309,sell,sell
2025-07-14 08:30:00,515.9,520.6,515.9,518.9,996.977,509.985,,,0.022664564446196245,sell,sell
2025-07-14 09:00:00,519.0,519.1,513.6,516.5,1513.489,510.1825,,,0.010367762128325575,sell,sell
2025-07-14 09:30:00,516.4,519.5,516.1,517.1,1633.487,510.35999999999996,,,0.0046629104332620575,sell,sell
2025-07-14 10:00:00,517.2,517.9,515.0,517.2,537.492,510.5,,,0.0007739938080497666,sell,sell
2025-07-14 10:30:00,517.3,517.3,515.1,515.9,618.972,510.70500000000004,,,-0.0013550135501355642,sell,sell
2025-07-14 11:00:00,515.9,516.1,513.0,513.8,504.816,510.8,,,-0.008490930142802222,sell,sell
2025-07-14 11:30:00,513.8,514.6,512.5,513.2,725.847,510.98,,,-0.0015564202334629185,sell,sell
2025-07-14 12:00:00,513.1,514.6,510.9,512.5,2675.642,511.1075000000001,,,-0.0017530190884300634,sell,sell
2025-07-14 12:30:00,512.5,513.0,510.7,513.0,644.452,511.34250000000003,,0.004395850244255162,0.0023446658851113966,sell,sell
2025-07-14 13:00:00,513.1,513.8,510.9,512.2,513.828,511.4625,,0.004398597218893922,-0.008133230054221396,sell,sell
2025-07-14 13:30:00,512.3,513.1,509.8,511.7,1058.546,511.5875,,0.004384675030455732,-0.010825439783491153,sell,sell
2025-07-14 14:00:00,511.7,513.3,507.1,509.9,1364.003,511.605,,0.004391117136988112,-0.011438542070569935,sell,sell
2025-07-14 14:30:00,509.9,509.9,505.3,509.6,2278.337,511.63,,0.0042483924310226595,-0.01792252842551545,sell,sell
2025-07-14 15:00:00,509.6,509.6,505.9,506.9,952.877,511.54499999999996,,0.004266482371955665,-0.01858664085188777,sell,sell
2025-07-14 15:30:00,507.0,507.1,501.9,504.4,2055.275,511.44249999999994,,0.00417402119342135,-0.024560046412686276,sell,sell
2025-07-14 16:00:00,504.3,506.9,501.0,506.7,1822.089,511.35999999999996,,0.004207722426014996,-0.02030162412993053,sell,sell
2025-07-14 16:30:00,506.7,507.5,505.5,506.9,617.482,511.31000000000006,,0.0040612908073426445,-0.017445241325838357,sell,sell
2025-07-14 17:00:00,507.0,507.4,505.0,505.7,341.027,511.2225,,0.003926721455932975,-0.015764889061891774,hold,hold
2025-07-14 17:30:00,505.7,506.5,504.7,505.2,392.788,511.19749999999993,,0.003924336390580795,-0.015588464536243296,hold,hold
2025-07-14 18:00:00,505.3,505.6,502.7,503.6,398.589,511.2125,,0.003879188306427663,-0.01736585365853649,hold,hold
2025-07-14 19:00:00,501.8,504.5,501.3,503.8,650.651,511.05,,0.003912825792946304,-0.01639984381101134,hold,hold
2025-07-14 19:30:00,503.9,504.8,503.4,504.3,431.594,510.9575,,0.00388681113122193,-0.014461598592925506,sell,sell
2025-07-14 20:30:00,501.8,504.7,501.5,502.9,510.348,510.7,,0.0039265315236354315,-0.013147566718995418,sell,sell
2025-07-14 21:30:00,503.9,505.9,503.8,504.9,501.886,510.66499999999996,,0.0038597625856454758,0.0009912767644726372,hold,hold
2025-07-14 22:00:00,504.9,505.2,503.5,504.9,414.822,510.575,,0.003747296588307807,-0.003552397868561319,hold,hold
2025-07-14 22:30:00,504.9,505.7,504.6,504.9,199.434,510.5125,,0.003688458433105332,-0.0039455513908068784,hold,hold
2025-07-14 23:00:00,504.9,505.2,503.9,504.8,240.536,510.3525000000001,,0.003658661950060299,-0.0017797112912794066,hold,hold
2025-07-15 00:30:00,505.1,505.1,500.6,501.1,693.007,509.42749999999995,,0.003810224113431415,-0.001593943016537036,hold,hold
2025-07-15 02:00:00,498.3,499.4,490.7,491.5,2204.584,508.0275,,0.004127026117059552,-0.020526106018334045,buy,buy
2025-07-15 02:30:00,491.6,494.4,490.9,492.9,909.668,507.555,,0.004152531180602783,-0.019884668920262527,hold,hold
2025-07-15 03:30:00,490.6,491.5,488.7,491.5,850.091,506.26750000000004,,0.003868793824565048,-0.026539908892850073,hold,hold
2025-07-15 05:30:00,493.3,493.3,490.6,491.5,241.863,503.81500000000005,,0.0037264072338848014,-0.026539908892850073,buy,buy
2025-07-15 06:30:00,490.9,491.5,489.5,490.1,519.499,502.5125,,0.0037140559215372475,-0.021951706246258196,buy,buy
2025-07-15 07:00:00,490.1,491.5,489.4,490.4,477.807,501.92749999999995,,0.0034253726512349157,-0.01880752300920374,buy,buy
2025-07-15 07:30:00,490.3,490.3,487.6,487.7,1327.23,501.28999999999996,,0.003458352401067499,-0.021272325908087586,buy,buy
2025-07-15 08:00:00,487.8,487.8,484.9,486.0,1242.759,500.62749999999994,,0.0034654327839470592,-0.011190233977619535,buy,buy
2025-07-15 08:30:00,486.1,487.2,485.2,486.1,836.072,499.9549999999999,,0.0033048574727712276,-0.013795901805639943,buy,buy
2025-07-15 09:00:00,486.0,488.4,485.9,488.1,629.061,499.3525000000001,,0.0033610735369929584,-0.0052985530874261055,buy,buy
2025-07-15 09:30:00,488.1,488.7,485.4,485.8,504.797,498.70500000000004,,0.003381169292139058,-0.011597151576805631,buy,buy
2025-07-15 10:00:00,485.8,487.7,485.5,487.2,497.198,498.1375,,0.0034282774880574694,-0.012165450121654486,buy,buy
2025-07-15 10:30:00,487.1,487.7,486.3,487.6,201.162,497.5875,,0.003435664934798409,-0.009144482828693401,buy,buy
2025-07-15 11:00:00,487.5,488.9,484.0,486.2,1272.064,497.07,,0.003418430988435428,-0.014592622618565088,buy,buy
2025-07-15 12:30:00,487.4,491.1,485.3,489.5,1557.171,495.76750000000004,,0.0036676102992921323,-0.0012242399510304924,buy,buy
2025-07-15 13:00:00,489.6,492.7,489.4,491.2,984.52,495.4049999999999,,0.0037219217613568122,0.0016313213703100793,buy,buy
2025-07-15 13:30:00,491.2,491.6,488.0,489.9,1117.014,495.02250000000004,,0.0037307821620859265,0.004510969858519509,buy,buy
2025-07-15 14:30:00,489.5,489.5,481.9,483.9,2492.164,494.2225,503.722,0.004024732294042722,-0.004525817732976889,buy,buy
2025-07-15 15:00:00,484.0,486.6,483.2,485.3,882.129,493.75999999999993,503.48900000000003,0.0040152661512485805,-0.005736529399713142,buy,buy
2025-07-15 16:30:00,487.4,489.9,487.3,489.0,552.974,492.6375,502.83700000000005,0.004033597698201877,0.0028712059064806006,buy,buy
2025-07-15 17:00:00,489.0,493.0,489.0,492.9,596.922,492.35999999999996,502.66600000000005,0.004216943912540397,0.013780337309749147,buy,buy
2025-07-15 17:30:00,492.8,498.0,492.3,495.2,1271.976,492.1175,502.55800000000005,0.004282208502719334,0.012471887139644089,buy,buy
2025-07-15 18:00:00,495.2,500.9,491.9,491.9,2549.864,491.7925,502.403,0.0043592103586795675,0.009439770162117611,buy,buy
2025-07-15 18:30:00,491.9,492.0,486.8,490.4,1509.685,491.43,502.2710000000001,0.0043548513764436,0.001838610827374909,buy,buy
2025-07-15 19:00:00,490.3,492.6,489.8,491.1,1060.777,491.0875,502.108,0.004318933968391511,-0.00020358306188916764,buy,buy
2025-07-15 19:30:00,491.1,491.4,487.1,487.5,565.348,490.65250000000003,501.916,0.004422641271013052,-0.004898958971218614,buy,buy
2025-07-15 20:00:00,487.4,489.0,485.8,488.6,464.739,490.23999999999995,501.71,0.0043972474918030045,-0.0020424836601307117,buy,buy
2025-07-15 20:30:00,488.5,489.7,487.6,488.1,257.786,489.91499999999996,501.505,0.004379106467831163,0.008679479231246123,buy,buy
2025-07-15 21:00:00,488.0,490.8,487.6,490.2,181.957,489.675,501.30400000000003,0.004418346366056031,0.010096847310941737,buy,buy
2025-07-15 21:30:00,490.3,493.8,490.3,492.8,538.097,489.5375,501.147,0.004486884963713219,0.010250102501025093,buy,buy
2025-07-15 22:00:00,492.8,493.1,491.1,492.6,208.01,489.56500000000005,500.97299999999996,0.004486314027449051,0.010876256925918426,buy,buy
2025-07-16 00:30:00,498.1,502.4,498.1,502.0,991.29,490.265,500.531,0.004626265798110773,0.023654159869494373,hold,hold
2025-07-16 01:00:00,502.0,503.4,500.7,502.0,503.675,490.4799999999999,500.48199999999997,0.004609866218940209,0.022195072286703255,hold,hold
2025-07-16 01:30:00,502.0,505.6,501.3,505.1,2456.859,490.82,500.453,0.004668346832147343,0.03610256410256407,hold,hold
2025-07-16 02:30:00,500.2,500.2,497.3,498.6,642.317,491.2625,500.29,0.004467570247906089,0.021511985248924503,hold,hold
2025-07-16 03:00:00,498.7,500.0,496.7,497.0,456.646,491.42750000000007,500.20599999999996,0.0044430177559553466,0.013871889024887896,hold,hold
2025-07-16 04:30:00,497.7,498.2,496.6,497.0,538.917,492.225,499.915,0.004408814570944505,0.006480356419602984,hold,hold
2025-07-16 06:00:00,498.3,498.3,495.5,496.3,895.613,492.98249999999996,499.402,0.004403174701954332,-0.0034136546184738714,hold,hold
2025-07-16 06:30:00,496.3,498.6,496.0,498.4,252.242,493.25250000000005,499.22,0.0044314704535024195,-0.007171314741035939,hold,hold
2025-07-16 07:00:00,498.5,499.7,498.0,499.4,1647.953,493.5825,499.03200000000004,0.004437726583763779,-0.005179282868525981,hold,hold
2025-07-16 07:30:00,499.5,500.1,498.9,499.3,605.824,493.8375,498.885,0.0043530572133878434,-0.011482874678281574,hold,hold
2025-07-16 08:00:00,499.4,499.9,497.4,498.1,280.729,494.10749999999996,498.73199999999997,0.004334740501792185,-0.003999200159968019,hold,hold
2025-07-16 09:00:00,499.7,503.0,499.7,502.5,963.685,494.64250000000004,498.47100000000006,0.004385200070026841,0.01106639839034207,hold,hold
2025-07-16 09:30:00,502.5,502.7,499.3,500.2,863.954,494.9,498.3,0.00438175157941018,0.006438631790744553,hold,hold
2025-07-16 10:00:00,500.2,500.7,499.4,500.2,772.596,495.1650000000001,498.14399999999995,0.00436980192321134,0.005023106288928991,hold,hold
2025-07-16 10:30:00,500.2,500.8,499.6,499.7,414.742,495.56000000000006,497.95200000000006,0.004375369314015432,0.005432595573440668,hold,hold
2025-07-16 11:00:00,499.7,500.7,499.6,500.6,414.04,495.9425,497.793,0.004350215361908922,0.007446166230629991,hold,hold
2025-07-16 11:30:00,500.6,500.7,499.8,500.0,242.969,496.24750000000006,497.62199999999996,0.004285262654734365,0.0036130068245685543,hold,hold
2025-07-16 12:00:00,500.1,501.1,497.9,500.3,1563.031,496.57249999999993,497.45300000000003,0.0042414087593129046,0.008059641345960156,hold,hold
2025-07-16 12:30:00,500.4,501.5,497.4,497.8,1097.274,496.7924999999999,497.272,0.004274657204944791,-0.0012038523274477964,hold,hold
2025-07-16 13:30:00,497.5,498.0,494.9,496.8,903.973,496.94750000000005,496.945,0.0042375333888204775,-0.005007009813739249,hold,hold
2025-07-16 14:00:00,496.8,497.1,493.3,494.9,633.758,497.0224999999999,496.769,0.004277426596230064,-0.00642441276852046,hold,hold
2025-07-16 14:30:00,494.8,500.5,494.6,499.0,1679.777,497.2375,496.629,0.00406189498351071,-0.0012009607686149781,hold,hold
2025-07-16 15:00:00,499.1,500.4,494.7,496.8,1442.865,497.37999999999994,496.475,0.004112458819378906,-0.01134328358208958,hold,hold
2025-07-16 16:00:00,495.4,499.5,494.4,498.9,807.273,497.83500000000004,496.20200000000006,0.004189719936069735,-0.00259896041583374,hold,hold
2025-07-16 17:30:00,500.4,502.8,500.1,502.2,665.936,498.605,496.01200000000006,0.004004052136043023,0.0043999999999999595,hold,hold
2025-07-16 18:00:00,502.2,503.4,501.4,502.6,757.377,498.855,495.971,0.0038705367107872654,0.004597241655007078,hold,hold
2025-07-16 19:00:00,501.3,502.0,499.1,500.5,573.219,499.1375,495.86299999999994,0.0038708057441435,0.0060301507537687815,hold,hold
2025-07-16 19:30:00,500.5,500.9,498.9,500.6,630.577,499.20500000000004,495.81700000000006,0.0036995385861043773,0.007648953301127248,hold,hold
2025-07-16 20:00:00,500.7,506.3,500.6,506.1,1055.043,499.4075000000001,495.84200000000004,0.003988106520224115,0.022630834512022746,sell,sell
2025-07-16 20:30:00,506.1,507.6,502.8,503.7,1758.642,499.45,495.86,0.00405861283048887,0.009418837675350789,hold,hold
2025-07-16 21:30:00,508.7,508.7,505.6,506.2,885.293,499.64250000000004,495.927,0.00425296124480075,0.02180056519983853,hold,hold
2025-07-16 22:00:00,506.3,507.7,504.4,504.5,608.696,499.75250000000005,495.954,0.004288546762110774,0.01122469432752049,hold,hold
2025-07-17 00:00:00,498.8,502.3,498.5,501.7,1760.741,500.02250000000004,495.798,0.0044437220043503575,-0.0017906884202149032,hold,hold
2025-07-17 00:30:00,501.7,502.8,498.8,498.8,748.111,500.0675,495.737,0.004369972614581818,-0.004987033712347877,buy,buy
2025-07-17 01:00:00,498.8,500.1,495.9,496.2,762.816,500.05,495.651,0.0044311657361149805,-0.008591408591408611,buy,buy
2025-07-17 01:30:00,496.2,496.4,489.2,492.3,2309.384,499.9025,495.525,0.004462294785322745,-0.016580103875349583,buy,buy
2025-07-17 02:00:00,492.3,495.3,491.7,494.1,628.518,499.8475,495.415,0.004281694988687721,-0.023710729104920003,buy,buy
2025-07-17 02:30:00,494.1,494.8,492.3,494.3,604.481,499.745,495.347,0.004263211490619791,-0.018661901925749458,buy,buy
2025-07-17 03:00:00,494.3,494.5,489.5,489.8,871.521,499.505,495.24699999999996,0.004434052364764434,-0.03696421549351159,buy,buy
2025-07-17 03:30:00,489.8,491.9,488.7,491.6,784.07,499.3125,495.18,0.0044708181449608685,-0.028842354800474035,buy,buy
2025-07-17 04:00:00,491.6,493.1,491.3,492.8,366.85,499.18,495.19300000000004,0.00448128128258457,-0.023191278493557954,buy,buy
2025-07-17 05:00:00,493.5,493.6,491.5,493.5,365.003,498.8,495.22600000000006,0.004482473948321397,-0.012802560512102379,buy,buy
2025-07-17 05:30:00,493.6,497.7,492.7,495.2,1707.18,498.675,495.26300000000003,0.0044948653005949,-0.007018247443352665,buy,buy
2025-07-17 06:00:00,495.2,498.1,493.7,497.4,867.998,498.605,495.305,0.0045083048698029765,-0.008570859079131021,buy,buy
2025-07-17 08:30:00,495.0,495.8,493.9,495.8,751.432,498.08000000000004,495.499,0.004703428584268329,0.003034594375885158,buy,buy
2025-07-17 09:30:00,502.9,504.2,501.1,502.2,1244.834,498.34749999999997,495.76800000000003,0.005024360406310362,0.021562245728234286,hold,hold
2025-07-17 11:30:00,496.0,497.0,495.3,495.9,627.952,498.355,496.17199999999997,0.005196627908926542,0.0014135702746365109,buy,buy
2025-07-17 12:00:00,495.9,496.7,493.2,494.6,876.233,498.24749999999995,496.24600000000004,0.00520741744238555,-0.005629272215520564,buy,buy
2025-07-17 12:30:00,494.6,499.0,494.3,498.1,1293.315,498.21750000000003,496.351,0.005263322959009134,0.0006026516673363069,buy,buy
2025-07-17 13:30:00,494.9,495.5,489.7,494.8,1588.411,497.895,496.495,0.0053411063166732,-0.0018156142828322785,buy,buy
2025-07-17 14:00:00,494.8,496.4,493.8,496.1,537.471,497.73249999999996,496.58299999999997,0.0053257743114926166,0.0022222222222223476,buy,buy
2025-07-17 14:30:00,496.2,497.3,495.4,495.9,494.267,497.59749999999997,496.647,0.005186268261858939,0.00020169423154481336,buy,buy
2025-07-17 15:00:00,496.0,496.4,491.9,493.4,686.233,497.41999999999996,496.66900000000004,0.005198195858876649,-0.018695306284805202,buy,buy
2025-07-17 15:30:00,493.4,496.2,493.4,495.3,302.889,497.2875,496.723,0.005213915870200489,-0.013739545997610514,buy,buy
2025-07-17 16:00:00,495.3,496.1,493.4,493.9,735.268,496.98249999999996,496.76599999999996,0.005123803199082528,-0.007435691318328108,buy,buy
2025-07-17 16:30:00,493.9,495.5,491.3,493.7,1406.474,496.7325000000001,496.86400000000003,0.005121758532439005,-0.006439927550815017,buy,buy
2025-07-17 17:00:00,493.7,496.3,493.0,494.9,544.403,496.39,496.96,0.005124155686259337,-0.0022177419354839634,buy,buy
2025-07-17 17:30:00,495.0,498.2,493.8,498.1,828.905,496.1875,497.06300000000005,0.005185952249394662,0.004436378302077104,buy,buy
2025-07-17 18:00:00,498.2,499.0,497.1,497.7,470.53,496.0174999999999,497.167,0.005184829927657093,0.00626769106348557,buy,buy
2025-07-17 18:30:00,497.7,498.2,496.6,497.7,788.913,495.93999999999994,497.254,0.005172829637314264,-0.0008030515960650852,buy,buy
2025-07-17 19:00:00,497.8,498.2,496.1,496.4,622.645,495.8525000000001,497.28899999999993,0.005180999768670194,0.0030309153364316277,buy,buy
2025-07-17 20:00:00,491.1,491.5,487.3,490.7,1610.687,495.3875,497.236,0.005131520853802653,-0.010884902237452199,buy,buy
2025-07-17 20:30:00,490.6,493.0,490.5,492.5,471.786,495.23,497.25699999999995,0.0051317341490830235,-0.006856221012300767,buy,buy
2025-07-17 21:00:00,492.6,498.5,492.4,497.0,1833.016,495.25,497.316,0.005107434386360812,0.007296311309282544,buy,buy
2025-07-17 21:30:00,497.1,498.0,492.0,497.0,1415.303,495.3675,497.411,0.00506913913967335,0.003432263274782965,buy,buy
2025-07-17 22:00:00,497.1,501.8,496.6,500.9,2096.274,495.5375,497.534,0.005185254208967171,0.014172909495849373,buy,buy
2025-07-17 22:30:00,500.9,505.1,500.6,501.3,2656.237,495.7125,497.666,0.0050767875028648,0.015393963945716127,buy,buy
2025-07-17 23:00:00,501.4,504.9,500.0,504.5,1733.063,496.08000000000004,497.80899999999997,0.005150799767016968,0.019397858153162195,buy,buy
2025-07-17 23:30:00,504.5,504.5,499.2,500.0,1335.459,496.2900000000001,497.881,0.005304586710983326,0.003814495081308822,buy,buy
2025-07-18 00:30:00,505.1,508.9,505.1,508.7,1851.356,496.9775000000001,498.154,0.005454231261544446,0.02210166767128796,hold,hold
2025-07-18 02:30:00,509.4,509.4,507.2,508.6,2712.004,498.445,498.634,0.005420808074630744,0.03269035532994935,hold,hold
2025-07-18 03:00:00,508.7,511.1,507.4,511.0,1095.819,498.89250000000004,498.724,0.005258595043744851,0.028169014084507005,hold,hold
2025-07-18 03:30:00,511.1,513.4,511.1,512.9,1877.825,499.32250000000005,498.802,0.005259084679308376,0.03199195171026159,hold,hold
2025-07-18 04:00:00,512.9,513.5,511.0,513.4,1466.141,499.78249999999997,498.935,0.005254185134805551,0.024955080854462075,hold,hold
2025-07-18 05:00:00,523.3,533.6,521.6,532.6,8766.152,501.21500000000003,499.53799999999995,0.006350426334639532,0.05569871159563933,sell,sell
2025-07-18 05:30:00,532.6,538.2,530.9,534.2,6484.273,502.01500000000004,499.91,0.006348034733765874,0.06840000000000002,sell,sell
2025-07-18 06:00:00,534.2,536.9,531.6,533.4,3154.067,502.90999999999997,500.26700000000005,0.006349345259748378,0.05623762376237629,sell,sell
2025-07-18 06:30:00,533.4,539.0,532.1,538.2,4398.537,503.9425,500.67900000000003,0.006440400891716125,0.05799095734224502,sell,sell
2025-07-18 07:00:00,538.3,541.9,531.2,531.5,6098.332,504.83000000000004,501.025,0.0065640113226772935,0.03910068426197455,sell,sell
2025-07-18 07:30:00,531.6,532.6,524.1,524.8,2953.271,505.55249999999995,501.29100000000005,0.00685124429450604,0.022802572597933946,sell,sell
2025-07-18 08:00:00,524.8,531.3,524.8,531.0,1837.039,506.4625,501.63800000000003,0.007007638219270506,0.042402826855123754,sell,sell
2025-07-18 08:30:00,531.0,531.0,525.5,529.2,3097.037,507.23999999999995,501.94599999999997,0.00704284727215846,0.040503342508847906,sell,sell
2025-07-18 09:00:00,529.3,530.7,526.6,527.2,2171.848,508.0475,502.22399999999993,0.006824661782462356,0.03170254403131123,sell,sell
2025-07-18 09:30:00,527.3,532.0,526.8,531.8,1748.068,508.9725,502.54900000000004,0.00690618793878323,0.03684928836030421,sell,sell
2025-07-18 10:00:00,531.7,535.9,528.4,532.5,4884.803,509.8825,502.89300000000003,0.006734684060676127,0.037202960654460604,sell,sell
2025-07-18 10:30:00,532.6,533.7,527.6,532.5,3901.441,510.7975,503.222,0.006725106946412565,0.017580737626600618,sell,sell
2025-07-18 11:00:00,532.5,532.9,525.5,527.8,2005.65,511.65749999999997,503.475,0.00687242270559088,-0.009012392039053796,sell,sell
2025-07-18 11:30:00,527.7,532.3,527.0,531.6,1077.364,512.565,503.789,0.0069204526811092165,-0.004867090977162203,sell,sell
2025-07-18 12:00:00,531.6,534.1,531.5,533.1,2201.261,513.545,504.11800000000005,0.00689649172975584,-0.0005624296962878361,sell,sell
2025-07-18 12:30:00,533.1,533.8,531.9,533.2,1807.92,514.5325,504.453,0.006851337568823419,-0.00929022668153101,sell,sell
2025-07-18 13:00:00,533.1,533.2,526.3,527.5,1997.834,515.3475000000001,504.722,0.006981973770099764,-0.007525870178739402,sell,sell
2025-07-18 13:30:00,527.4,528.7,525.3,525.8,1542.524,516.04,504.98,0.00700985261266147,0.001905487804878092,sell,sell
2025-07-18 14:00:00,525.9,527.3,515.7,517.7,3711.069,516.5400000000001,505.15399999999994,0.00740856294695479,-0.02504708097928432,sell,sell
2025-07-18 14:30:00,517.7,520.1,514.3,518.0,2318.057,517.0475,505.356,0.007406200020485149,-0.021164021164021274,hold,hold
2025-07-18 15:00:00,517.9,518.4,510.7,513.1,3262.161,517.4649999999999,505.51200000000006,0.007508805161554972,-0.026745068285280782,hold,hold
2025-07-18 16:00:00,512.8,516.8,511.8,516.1,984.697,518.645,505.885,0.007519612823189097,-0.03079812206572763,hold,hold
2025-07-18 16:30:00,516.0,518.5,515.2,516.4,915.718,519.2425000000001,506.05899999999997,0.007517195383680958,-0.030234741784037622,hold,hold
2025-07-18 17:00:00,516.5,519.3,516.1,518.9,688.502,519.79,506.28,0.007535228419419848,-0.016862447896930588,hold,hold
2025-07-18 17:30:00,518.8,519.3,516.4,516.9,478.306,520.2875,506.495,0.007523607310636273,-0.02765237020316036,hold,hold
2025-07-18 19:00:00,512.4,516.9,508.4,515.7,2098.535,521.1975,506.94,0.007630889875373988,-0.022369668246445373,hold,hold
2025-07-18 19:30:00,515.6,515.7,512.8,514.1,558.684,521.55,507.05899999999997,0.007464516973384796,-0.022251806770635096,hold,hold
2025-07-18 20:00:00,514.2,514.6,507.5,508.0,2351.761,521.625,507.11299999999994,0.007688151922301073,-0.018736720108170846,buy,buy
2025-07-18 20:30:00,508.1,512.3,505.1,510.6,2081.058,521.6724999999999,507.2060000000001,0.00770269161651074,-0.014285714285714235,hold,hold
2025-07-18 21:00:00,510.5,516.4,510.2,513.2,1165.867,521.7149999999999,507.333,0.007631124612167158,0.00019489378288839454,hold,hold
2025-07-18 21:30:00,513.1,515.5,512.6,513.3,592.161,521.72,507.46,0.007630797788990942,0.0007798791187365595,hold,hold
2025-07-18 23:00:00,512.7,513.7,510.1,512.5,384.632,522.0175,507.685,0.0075894164044862525,-0.012333783002505205,hold,hold
2025-07-19 00:00:00,514.5,517.9,514.5,515.8,969.429,522.1175000000001,507.881,0.0073583240427594525,0.0013589594253542447,hold,hold
2025-07-19 00:30:00,515.8,519.9,510.8,510.8,4386.769,521.8050000000001,507.98100000000005,0.007430493123010692,-0.0029279718914697606,buy,buy
2025-07-19 01:00:00,510.8,514.0,508.3,513.8,838.234,521.3349999999999,508.12,0.007436376796210964,-0.003684312584836369,buy,buy
2025-07-19 01:30:00,513.7,514.4,512.2,512.2,277.605,520.785,508.255,0.007437242979966314,-0.0036957790313167926,buy,buy
2025-07-19 02:00:00,512.3,513.0,509.6,511.4,434.025,520.235,508.352,0.007365205806824883,0.006692913385826671,buy,buy
2025-07-19 02:30:00,511.4,514.8,511.4,514.3,519.881,519.6375,508.50699999999995,0.007404147204019079,0.007246376811594013,buy,buy
2025-07-19 04:00:00,514.9,518.0,514.7,517.2,1197.102,518.62,509.147,0.007381503810233509,0.002908667830133771,hold,hold
2025-07-19 05:00:00,517.1,517.6,513.8,515.1,468.12,518.015,509.62800000000004,0.006303989604968373,0.005073170731707322,buy,buy
2025-07-19 05:30:00,515.1,515.9,514.6,515.5,326.369,517.6075,509.867,0.0062844882767752125,0.0019436345966958868,buy,buy
2025-07-19 06:30:00,513.9,515.2,512.9,514.4,669.299,516.6875,510.287,0.006135731097119582,0.007047768206734473,buy,buy
2025-07-19 07:00:00,514.4,515.9,513.1,513.3,755.307,516.325,510.485,0.005899587898477543,-0.000973141300116831,buy,buy
2025-07-19 08:00:00,509.9,510.9,507.5,508.8,1212.67,515.1725,510.745,0.005408926593959302,-0.005084082909659671,buy,buy
2025-07-19 08:30:00,508.9,511.1,507.9,510.7,1244.476,514.6099999999999,510.874,0.0054361245847509825,-0.006999805560956585,buy,buy
2025-07-19 09:00:00,510.7,511.6,509.7,510.2,518.04,514.1775,511.045,0.005417660951958904,-0.008164852255054367,buy,buy
2025-07-19 09:30:00,510.2,511.5,509.8,510.5,645.851,513.795,511.19300000000004,0.005241932129868991,-0.008737864077669855,buy,buy
2025-07-19 10:30:00,509.0,510.8,508.7,509.0,711.861,513.355,511.466,0.005238521934870225,-0.01566428157029598,buy,buy
2025-07-19 11:00:00,509.0,509.5,505.6,509.3,984.7,513.26,511.531,0.0051111505822665606,-0.011259949524364266,buy,buy
2025-07-19 12:00:00,506.1,506.8,503.7,504.8,1845.632,512.8075,511.642,0.005008748795751305,-0.017516543402101847,buy,buy
2025-07-19 12:30:00,504.8,507.4,504.4,506.7,1655.138,512.5649999999999,511.74,0.005055049985284278,-0.01496889580093308,buy,buy
2025-07-19 14:00:00,505.5,505.8,502.6,502.7,629.277,511.64000000000004,512.0139999999999,0.004392248230984256,-0.011988993710691842,buy,buy
2025-07-19 14:30:00,502.8,504.2,501.8,503.5,1425.124,511.41999999999996,512.068,0.004400464925447509,-0.014098296455844928,buy,buy
2025-07-19 15:00:00,503.4,505.5,503.1,505.2,843.424,511.1575000000001,512.1709999999999,0.00423645412321022,-0.009800078400627243,buy,buy
2025-07-19 15:30:00,505.2,506.0,503.9,503.9,493.456,510.9025,512.2620000000001,0.004248984529133373,-0.012928501469147924,buy,buy
2025-07-19 16:00:00,503.9,505.5,502.4,505.3,740.792,510.8349999999999,512.354,0.004163123226807862,-0.007464152425849524,buy,buy
2025-07-19 16:30:00,505.3,505.7,504.7,505.6,500.357,510.71000000000004,512.451,0.004163187951169524,-0.0066797642436149385,buy,buy
2025-07-19 17:00:00,505.6,505.8,504.2,504.7,506.158,510.49750000000006,512.564,0.004093874554893582,-0.009032004712350328,buy,buy
2025-07-19 17:30:00,504.7,504.7,502.9,504.1,251.869,510.26750000000004,512.6519999999999,0.004066357943631974,-0.003951788184153315,buy,buy
2025-07-19 18:00:00,504.0,506.4,503.7,506.3,349.149,510.03249999999997,512.7760000000001,0.0041020579627051865,0.0029714738510300265,buy,buy
2025-07-19 18:30:00,506.4,507.3,505.4,505.5,299.385,509.85249999999996,512.894,0.004037605694324928,-0.002368265245707546,buy,buy
2025-07-19 19:00:00,505.6,513.4,504.8,511.5,3857.734,509.8275,513.06,0.0042907677196897896,0.011269276393831573,buy,buy
2025-07-19 19:30:00,511.5,522.5,510.5,515.0,4653.842,509.84,513.229,0.004384804995701745,0.018994855559952617,buy,buy
2025-07-19 20:00:00,515.0,517.9,514.6,517.3,1153.468,509.87749999999994,513.425,0.0040626725738412105,0.029043166898746753,buy,buy
2025-07-19 20:30:00,517.2,518.1,514.6,514.8,638.472,509.9775000000001,513.596,0.004069950423809312,0.02244289970208535,buy,buy
2025-07-19 21:30:00,512.2,514.4,510.9,514.2,374.463,509.99000000000007,513.986,0.004103295954290017,0.020440563603889794,buy,buy
2025-07-19 22:00:00,514.1,515.9,512.9,513.3,947.688,510.0375,514.212,0.004053518214462947,0.01583217890362154,buy,buy
2025-07-19 22:30:00,513.3,514.1,512.7,513.1,265.703,510.0075,514.418,0.003965064907173431,0.014833860759493778,buy,buy
2025-07-19 23:00:00,513.1,513.6,511.7,512.8,321.503,509.9674999999999,514.576,0.00396559666649161,0.016049138101842608,buy,buy
2025-07-19 23:30:00,512.7,513.6,512.5,513.1,244.052,509.91999999999996,514.737,0.003925193738538832,0.017853600476096076,buy,buy
2025-07-20 00:00:00,513.1,513.7,509.1,511.8,1457.624,509.785,514.846,0.0039224911909019914,0.01086312462966621,buy,buy
2025-07-20 00:30:00,511.8,523.4,511.8,520.5,7522.442,509.87,515.038,0.004403925446602464,0.029673590504450953,buy,buy
2025-07-20 01:00:00,520.4,521.4,519.8,520.9,1123.378,510.01500000000004,515.202,0.004329996008433672,0.018377321603127994,buy,buy
2025-07-20 02:00:00,522.6,523.5,519.9,520.6,813.607,510.36500000000007,515.585,0.0043622200003537595,0.006379277015271745,buy,buy
2025-07-20 02:30:00,520.5,524.6,520.3,523.7,1067.872,510.5975,515.735,0.004369732626133841,0.01728826728826749,buy,buy
2025-07-20 03:00:00,523.6,525.1,521.3,522.3,1264.313,510.82250000000005,515.843,0.00439196508708072,0.019519812609798848,buy,buy
2025-07-20 04:00:00,522.4,523.1,520.5,522.8,575.155,511.4875,516.07,0.004351878146546121,0.018507695304889937,buy,buy
2025-07-20 06:00:00,525.0,525.6,523.5,524.2,1507.477,513.0224999999999,516.63,0.004824872668061195,0.02422821414615095,hold,hold
2025-07-20 06:30:00,524.2,525.0,523.3,524.4,547.916,513.4075,516.641,0.004823645436483246,0.007492795389048901,buy,buy
2025-07-20 07:00:00,524.4,525.8,524.1,525.8,606.715,513.8199999999999,516.573,0.004819466110634749,0.009406795930120948,buy,buy
2025-07-20 08:00:00,525.3,527.4,525.3,527.2,517.094,514.8575000000001,516.4209999999999,0.004710050421298208,0.012677679600461067,hold,hold
2025-07-20 08:30:00,527.2,528.8,526.8,528.6,637.641,515.405,516.325,0.00469807232905076,0.009356501814015594,hold,hold
2025-07-20 09:00:00,528.6,529.4,524.3,525.7,3317.767,515.9025,516.2669999999999,0.004777304418237399,0.006509668772736177,hold,hold
2025-07-20 10:00:00,525.9,527.8,525.7,527.5,592.276,517.0375,516.2439999999999,0.004761384685650088,0.008990053557766053,hold,hold
2025-07-20 10:30:00,527.6,528.3,526.4,526.8,825.668,517.62,516.22,0.004768961629835999,-0.003970504821327325,hold,hold
2025-07-20 11:00:00,526.7,527.0,524.6,525.9,726.255,518.1375,516.207,0.004781892304280799,0.004009163802978222,buy,buy
2025-07-20 11:30:00,526.0,536.6,524.9,532.1,7759.225,518.8425,516.21,0.004931159166547856,0.013523809523809494,hold,hold
2025-07-20 12:00:00,532.1,535.2,530.9,531.4,4001.993,519.4950000000001,516.1990000000001,0.0049148507889046405,0.01373521556657753,hold,hold
2025-07-20 12:30:00,531.3,538.4,531.1,537.4,4011.037,520.29,516.248,0.00511810961615892,0.024790236460717097,hold,hold
2025-07-20 13:00:00,537.3,544.1,536.6,542.7,5851.327,521.24,516.3969999999999,0.005246305334709841,0.03214149866869542,hold,hold
2025-07-20 14:00:00,545.3,551.4,543.3,548.5,7687.106,523.3225,516.687,0.005191392662415841,0.04040212443095581,hold,hold
2025-07-20 14:30:00,548.5,548.5,544.2,547.9,3706.921,524.3824999999999,516.8340000000001,0.00520847370336144,0.03651153991676126,sell,sell
2025-07-20 15:00:00,547.8,552.7,547.8,549.7,4328.947,525.3375,517.056,0.0052078945080169395,0.04565341449495919,sell,sell
2025-07-20 15:30:00,549.8,553.5,549.1,551.0,2661.752,526.2375,517.308,0.0051688295672238935,0.04752851711026618,sell,sell
2025-07-20 16:00:00,550.9,552.8,548.9,550.5,3138.004,527.0675,517.6360000000001,0.005182504417792232,0.04360189573459716,sell,sell
2025-07-20 16:30:00,550.5,553.5,549.1,550.3,1804.346,527.9549999999999,517.9590000000001,0.005189078956822275,0.044608959757023614,sell,sell
2025-07-20 17:00:00,550.2,552.9,546.5,552.3,2936.995,528.955,518.351,0.005168861890831413,0.05019965772960644,sell,sell
2025-07-20 17:30:00,552.4,552.5,547.3,549.9,6124.749,529.8475,518.721,0.005228634156189209,0.03345235857921436,sell,sell
2025-07-20 18:00:00,549.9,553.4,549.5,550.6,3119.2,530.78,519.066,0.005215735857272854,0.03613097478359051,sell,sell
2025-07-20 18:30:00,550.5,551.6,548.8,551.1,986.487,531.73,519.413,0.005194130402094731,0.02549311499813922,sell,sell
2025-07-20 19:00:00,551.2,551.3,549.0,549.7,519.178,532.6525,519.721,0.005013892655639877,0.012898470609913337,sell,sell
2025-07-20 19:30:00,549.8,550.3,548.1,548.7,647.706,533.5425,520.039,0.004973739104835252,0.006419662509171031,sell,sell
2025-07-20 20:00:00,548.7,549.3,546.7,547.1,806.736,534.425,520.359,0.004988922234851616,-0.0025524156791248975,sell,sell
2025-07-20 20:30:00,547.1,548.0,546.5,546.9,720.619,535.085,520.705,0.00491550235798757,-0.001825150574922385,sell,sell
2025-07-20 21:00:00,546.9,547.2,541.6,544.9,1853.019,535.685,520.9970000000001,0.004886649783437355,-0.008732035655812376,sell,sell
2025-07-20 21:30:00,544.8,546.2,543.4,545.7,433.498,536.26,521.313,0.004873813125978639,-0.009618874773139718,sell,sell
2025-07-20 22:00:00,545.7,545.9,539.6,544.0,2985.929,536.845,521.673,0.004895630588636417,-0.01180744777475018,sell,sell
2025-07-20 22:30:00,544.0,549.9,542.9,549.5,1672.987,537.49,522.062,0.00505407649147581,-0.0014537524986369954,sell,sell
2025-07-20 23:00:00,549.4,549.4,547.3,547.4,1629.809,538.1175000000001,522.404,0.005103043508369026,-0.008871989860583018,sell,sell
2025-07-20 23:30:00,547.5,548.9,547.0,548.0,874.578,538.7575,522.751,0.005101895550906236,-0.0034551736679395706,sell,sell
2025-07-21 00:00:00,548.0,548.6,539.3,541.2,2181.565,539.2175,523.006,0.0054504551480850155,-0.0170722847802397,sell,sell
2025-07-21 00:30:00,541.3,542.2,538.4,541.9,2825.54,539.5425,523.298,0.004926810088472732,-0.01669388495735813,sell,sell
2025-07-21 01:00:00,541.9,542.2,534.5,534.9,1064.146,539.82,523.522,0.0053126356130113045,-0.026923776605421224,sell,sell
2025-07-21 02:00:00,530.6,533.1,530.3,532.6,1731.503,540.17,523.851,0.005420992055313539,-0.026503381465911136,hold,hold
2025-07-21 02:30:00,532.6,534.6,531.7,533.7,927.788,540.4024999999999,524.08,0.005366353992631768,-0.02413603949533727,sell,sell
2025-07-21 03:00:00,533.8,536.4,533.8,534.6,3235.3,540.6225000000001,524.288,0.0053499578823479445,-0.018902550926775508,sell,sell
2025-07-21 03:30:00,534.6,535.8,532.9,534.7,558.928,540.8599999999999,524.5129999999999,0.005349963308928461,-0.020157595748579782,sell,sell
2025-07-21 04:00:00,534.8,535.2,529.3,530.7,2607.96,540.9475,524.706,0.005472228344857135,-0.024448529411764675,hold,hold
2025-07-21 04:30:00,530.7,533.1,525.0,525.4,6688.884,540.8675000000001,524.817,0.00540965216892852,-0.043858052775250234,hold,hold
2025-07-21 05:00:00,525.4,526.8,524.3,525.5,2262.64,540.8625,524.928,0.005224539146156294,-0.040007307270734316,hold,hold
2025-07-21 06:00:00,526.4,531.5,526.2,530.3,1984.922,540.9425,525.173,0.0053202761128438286,-0.020140428677014155,hold,hold
2025-07-21 06:30:00,530.3,532.2,527.8,532.0,5321.805,541.0725,525.322,0.005337295394181238,-0.01826905333087281,hold,hold
2025-07-21 08:00:00,531.2,531.3,527.7,528.4,4012.093,541.185,525.817,0.0054589854142779405,-0.007885843034172058,sell,sell
2025-07-21 09:30:00,528.9,532.4,528.3,531.7,8912.489,540.2524999999999,526.322,0.00545832301900312,-0.0056106227791284935,hold,hold
2025-07-21 10:30:00,529.0,529.6,526.0,527.1,7770.378,539.2425000000001,526.687,0.005520593991596458,0.003235629996193534,hold,hold
2025-07-21 11:30:00,535.1,535.3,528.7,528.8,5104.705,538.3199999999999,527.1179999999999,0.005923031701479851,0.004559270516717229,hold,hold
2025-07-21 12:00:00,528.8,530.9,527.2,530.6,1516.149,537.8225,527.333,0.005941776971817728,0.0005657175183859664,hold,hold
2025-07-21 13:30:00,528.9,532.8,528.3,532.2,2329.263,536.315,528.011,0.005571454918929045,0.0018825301204818956,sell,sell
2025-07-21 14:00:00,532.3,535.8,529.4,533.8,2035.593,535.895,528.3009999999999,0.005512404920974055,0.010219530658591935,sell,sell
2025-07-21 15:00:00,529.0,532.0,527.0,527.9,2814.506,534.8,528.746,0.0056126170801360275,-0.0018907165815844618,hold,hold
2025-07-21 15:30:00,528.0,528.6,526.6,527.6,2252.416,534.2724999999999,528.9680000000001,0.005593056021301595,-0.007711115290577442,hold,hold
2025-07-21 16:30:00,524.9,526.4,522.5,524.5,1750.293,533.1575,529.4,0.005625644390651034,-0.004932650350977119,hold,hold
2025-07-21 17:00:00,524.5,526.4,523.9,524.5,859.362,532.6475,529.593,0.005586478804429138,-0.01962616822429908,hold,hold
2025-07-21 17:30:00,524.5,526.7,524.5,526.7,1131.195,532.1725,529.821,0.005615533848888215,-0.003971255673222207,hold,hold
2025-07-21 19:00:00,522.7,525.7,519.1,520.0,2964.469,530.435,530.379,0.005853362282188809,-0.01682737757610131,hold,hold
2025-07-21 19:30:00,520.0,520.3,518.4,519.5,2446.97,529.7225,530.533,0.005852552981242414,-0.02386320931980468,hold,hold
2025-07-21 20:00:00,519.5,522.2,517.9,521.6,1725.03,529.2325000000001,530.686,0.005893203487902098,-0.022855001873360647,hold,hold
2025-07-21 20:30:00,521.6,522.0,518.2,518.2,1621.176,528.64,530.813,0.005946300513113898,-0.020601020601020537,hold,hold
2025-07-21 21:00:00,518.1,521.5,516.8,521.2,1383.12,528.2974999999999,530.91,0.006015953035865124,-0.012691797688956119,hold,hold
2025-07-21 21:30:00,521.3,521.3,519.6,520.9,654.967,528.0550000000001,530.9689999999999,0.006006000111701495,-0.012699014404852216,buy,buy
2025-07-22 01:30:00,518.7,524.4,518.7,523.2,2174.29,526.3900000000001,531.63,0.005418333976198965,0.0071222329162656806,hold,hold
2025-07-22 02:00:00,523.2,524.3,521.0,524.0,1323.143,526.2325,531.752,0.005392314131871509,0.004601226993864893,hold,hold
2025-07-22 02:30:00,524.1,525.1,517.3,518.7,3344.712,525.9,531.734,0.005561369741859803,0.0009648784253184495,buy,buy
2025-07-22 03:00:00,518.7,520.2,516.2,518.4,1320.418,525.5024999999999,531.7090000000001,0.005551343292483495,-0.005372217958557357,buy,buy
2025-07-22 03:30:00,518.3,519.8,515.3,519.2,1486.089,525.2025,531.674,0.005559013904257759,-0.003263582261470388,buy,buy
2025-07-22 04:00:00,519.2,519.7,515.6,516.7,886.461,524.9100000000001,531.635,0.005501806030400896,-0.011667941851568275,buy,buy
2025-07-22 04:30:00,516.8,519.8,511.5,511.6,1747.701,524.515,531.514,0.005497575694478531,-0.02086124401913869,buy,buy
2025-07-22 05:00:00,511.6,521.1,511.4,518.3,2331.075,524.25,531.474,0.005839023698053158,-0.00860749808722261,buy,buy
2025-07-22 05:30:00,518.4,519.1,515.2,517.6,616.629,523.8975,531.4259999999999,0.005833622815654661,-0.009567546880979716,buy,buy
2025-07-22 06:00:00,517.7,520.2,516.6,519.6,616.429,523.665,531.394,0.005755424514660357,-0.008586147681740153,buy,buy
2025-07-22 06:30:00,519.6,520.2,518.1,519.9,911.098,523.485,531.304,0.005732766804460536,-0.0007687872381317851,hold,hold
2025-07-22 07:00:00,520.0,523.9,519.8,523.1,749.284,523.1875,531.297,0.005771273338291588,0.008482745324850605,hold,hold
2025-07-22 07:30:00,523.2,524.3,519.5,520.8,1187.699,522.9875,531.255,0.005746931656485744,-0.004587155963302947,hold,hold
2025-07-22 08:00:00,520.8,520.8,512.4,513.3,2984.414,522.5550000000001,531.146,0.00605457479905441,-0.02041984732824431,buy,buy
2025-07-22 09:30:00,518.3,521.4,517.9,520.6,1638.674,521.6949999999999,530.97,0.006242051766558942,0.002696456086286547,hold,hold
2025-07-22 10:00:00,520.5,522.9,520.4,521.4,781.548,521.385,530.9119999999999,0.006206817233072114,0.009096187342751971,hold,hold
2025-07-22 10:30:00,521.5,522.1,520.4,521.4,379.8,521.1925,530.84,0.00618977899106106,0.01915559030492564,buy,buy
2025-07-22 12:30:00,520.6,521.3,518.1,519.1,805.056,520.6075,530.595,0.005525459923133281,-0.0015387574533562987,hold,hold
2025-07-22 13:00:00,519.2,520.6,518.3,520.0,1086.504,520.495,530.536,0.005507227628843375,-0.00592620913783215,hold,hold
2025-07-22 13:30:00,520.0,521.3,514.1,514.5,3028.462,520.1899999999999,530.36,0.0056137189114311556,-0.012096774193548265,hold,hold
2025-07-22 15:30:00,519.7,520.1,517.7,519.0,882.444,519.84,529.562,0.005651566492750391,-0.00307337687283904,hold,hold
2025-07-22 16:00:00,518.9,522.3,517.7,519.1,1455.922,519.7774999999999,529.268,0.005607593060724292,-0.004411200613732125,hold,hold
2025-07-22 16:30:00,519.1,522.8,518.8,519.0,2025.185,519.7975,528.979,0.0056070156809932235,-0.004602991944764101,hold,hold
2025-07-22 17:00:00,518.9,520.2,516.3,518.5,1602.516,519.73,528.6669999999999,0.005607993422883204,-0.004033807145601309,hold,hold
2025-07-22 20:30:00,516.7,518.2,516.1,517.9,502.623,519.1025000000001,526.419,0.005427917452571234,-0.006140855881788587,hold,hold
2025-07-22 21:00:00,517.9,519.5,517.0,519.3,412.107,519.1175000000001,526.115,0.0053759423997403535,-0.000769674812391985,sell,sell
2025-07-22 21:30:00,519.4,535.2,518.6,528.9,6068.756,519.26,525.9169999999999,0.006004506406383029,0.01907514450867054,sell,sell
2025-07-22 22:00:00,528.8,529.1,522.7,523.8,2571.387,519.255,525.684,0.006153098339822363,0.009054132151800953,hold,hold
2025-07-22 22:30:00,523.9,524.6,522.6,522.6,641.231,519.3525,525.441,0.0061618371969945195,0.006936416184971206,hold,hold
2025-07-22 23:30:00,525.7,528.2,524.9,526.1,1875.87,519.7075,525.053,0.00622045949800601,0.011730769230769322,hold,hold
2025-07-23 00:00:00,526.2,526.2,523.0,523.1,756.651,519.8675000000001,524.844,0.006263843572475745,0.004802151363811014,hold,hold
2025-07-23 01:00:00,523.0,523.5,520.7,523.3,739.573,520.2775,524.338,0.006154864555064468,0.005959246443675292,hold,hold
2025-07-23 02:00:00,523.5,524.8,521.8,524.8,694.598,520.5525,523.928,0.006035196543333467,0.015479876160990669,hold,hold
2025-07-23 02:30:00,524.8,525.9,523.6,525.4,1630.134,520.6899999999999,523.763,0.0058476324677583435,0.014481560146746508,hold,hold
2025-07-23 03:00:00,525.3,528.8,523.7,527.5,3563.562,520.8,523.689,0.005870519271351629,0.015790487194300207,hold,hold
2025-07-23 04:00:00,525.9,528.0,525.0,527.7,599.765,521.285,523.5920000000001,0.005861121085272041,0.0074455899198169195,sell,sell
2025-07-23 04:30:00,527.7,529.1,527.0,528.9,489.09,521.5350000000001,523.544,0.005664717303388133,0.012055109070034264,sell,sell
2025-07-23 05:00:00,529.0,529.8,527.7,528.3,541.2,521.7850000000001,523.481,0.005367187172177377,0.004945786570287103,sell,sell
2025-07-23 05:30:00,528.5,528.7,526.8,528.5,467.468,521.9825,523.419,0.005360902503483096,0.004561870366850407,sell,sell
2025-07-23 06:00:00,528.6,528.9,525.4,527.1,776.372,522.125,523.3829999999999,0.005355031254815822,0.007646721468170581,sell,sell
2025-07-23 06:30:00,527.0,527.2,523.9,524.9,1735.393,522.2125,523.378,0.005393803533780698,0.003632887189292555,sell,sell
2025-07-23 07:00:00,524.9,526.5,524.1,526.5,299.79,522.36,523.388,0.005339356252855155,0.006115039174469761,sell,sell
2025-07-23 07:30:00,526.4,527.1,524.0,526.6,611.23,522.4925,523.39,0.00529714742713564,0.006113870844478564,sell,sell
2025-07-23 08:00:00,526.5,529.3,525.6,528.1,629.589,522.6825,523.3679999999999,0.004848564572297145,0.006288109756097615,sell,sell
2025-07-23 08:30:00,528.2,528.4,526.9,527.7,474.814,522.8975,523.325,0.0046073662422100635,0.004377617053673566,sell,sell
2025-07-23 09:00:00,527.7,527.8,522.9,523.5,1004.641,522.985,523.2170000000001,0.004757216152698874,-0.00758293838862556,sell,sell
2025-07-23 09:30:00,523.4,526.8,522.4,525.7,744.493,523.265,523.1619999999999,0.004752899493912869,-0.00019018638265477783,hold,hold
2025-07-23 11:00:00,527.6,527.7,525.6,526.8,1264.73,523.8425,523.125,0.004763443482235049,-0.0028392958546280544,hold,hold
2025-07-23 12:30:00,524.7,525.4,514.9,517.0,4034.137,524.1675,522.949,0.00532137894374529,-0.015050485806820335,hold,hold
2025-07-23 13:00:00,517.0,521.1,515.3,520.3,3461.695,524.2125,522.802,0.005396699007022447,-0.01177587844254524,hold,hold
2025-07-23 13:30:00,520.2,520.2,504.0,508.3,13132.529,523.92,522.5970000000001,0.006164952349925071,-0.034751234333459946,hold,hold
2025-07-23 16:00:00,515.1,515.6,509.7,512.0,884.185,523.2275,521.684,0.0063406894057880915,-0.02754036087369416,hold,hold
2025-07-23 16:30:00,511.9,512.7,506.7,507.0,2228.66,522.9549999999999,521.463,0.006487157462394851,-0.039226833428084196,hold,hold
2025-07-23 17:00:00,507.0,509.5,503.2,504.4,2342.313,522.5825,521.2280000000001,0.006521704724053829,-0.04252088078967342,hold,hold
2025-07-23 17:30:00,504.4,508.7,502.7,507.9,1639.85,522.0575000000001,521.031,0.006592952032478027,-0.03861442362294143,hold,hold
2025-07-23 18:00:00,508.0,511.9,507.6,510.6,3292.684,521.7275,520.888,0.006641939286939875,-0.02705792682926822,hold,hold
2025-07-23 18:30:00,510.7,514.8,510.2,514.4,587.353,521.5225,520.787,0.006737036813135301,-0.005029013539651905,hold,hold
2025-07-23 19:00:00,514.4,514.8,512.2,514.1,626.695,521.2325,520.683,0.006736388560569836,-0.011916202191043501,hold,hold
2025-07-23 20:30:00,506.7,507.5,500.8,506.5,2807.808,520.025,520.141,0.006681380884133287,-0.014783116125267504,hold,hold
2025-07-23 21:00:00,506.5,509.3,500.7,503.0,1488.022,519.5175,519.971,0.006729018795189628,-0.016425498631208457,buy,buy
2025-07-23 22:00:00,508.5,512.0,505.5,511.3,814.513,518.8075,519.7579999999999,0.006277026245524628,-0.0013671874999999778,hold,hold
2025-07-24 01:00:00,518.6,518.9,517.1,518.0,532.945,516.9375,519.362,0.006317157603935337,0.007586072748492434,hold,hold
2025-07-24 01:30:00,518.0,522.3,515.9,522.3,1632.553,516.7825,519.359,0.0064349908630913855,0.022713922067750136,hold,hold
2025-07-24 03:00:00,518.9,520.6,518.0,520.0,310.558,516.3175,519.327,0.00643303423634896,0.03379721669980129,hold,hold
2025-07-24 04:30:00,511.5,512.0,504.7,506.4,1345.027,515.0825,518.9979999999999,0.006712807181700111,-0.011709601873536313,hold,hold
2025-07-24 05:00:00,506.4,506.9,500.7,501.6,2271.97,514.535,518.83,0.006826534036837509,-0.021840873634945246,buy,buy
2025-07-24 05:30:00,501.6,504.3,495.3,496.6,2755.721,513.8075,518.604,0.006942608621263153,-0.030456852791878264,buy,buy
2025-07-24 06:00:00,496.6,502.4,496.1,501.9,1297.419,513.1925,518.456,0.007149593426831316,-0.02505827505827507,buy,buy
2025-07-24 06:30:00,501.9,502.2,490.5,494.6,3472.649,512.365,518.286,0.007400020987657622,-0.046278441959120675,buy,buy
2025-07-24 07:00:00,494.6,500.3,490.2,500.0,2018.346,511.69500000000005,518.1030000000001,0.007581352585819498,-0.03474903474903479,buy,buy
2025-07-24 07:30:00,499.9,504.1,498.8,503.5,588.349,511.075,517.962,0.007668218126677264,-0.03599463909630474,buy,buy
2025-07-24 08:00:00,503.4,505.9,500.2,500.4,3820.807,510.465,517.77,0.00768457220360712,-0.03953934740882925,buy,buy
2025-07-24 09:30:00,506.2,518.4,505.4,516.6,10778.737,510.01000000000005,517.406,0.008313797252704579,0.0027173913043476716,buy,buy
2025-07-24 10:00:00,516.7,528.5,515.2,521.2,19262.831,510.2225,517.485,0.008416435495843711,0.019163081736409904,buy,buy
2025-07-24 10:30:00,521.1,523.4,518.5,523.3,3577.555,510.45250000000004,517.529,0.0084310745330324,0.03337282780410744,buy,buy
2025-07-24 11:00:00,523.3,527.2,520.0,520.1,4025.538,510.66999999999996,517.547,0.008472421869793497,0.036881977671451294,buy,buy
2025-07-24 12:00:00,520.0,528.1,519.8,520.9,13273.004,511.0125,517.535,0.00841411151320468,0.037856146642757604,buy,buy
2025-07-24 12:30:00,520.8,523.7,517.4,520.5,3761.708,511.35,517.526,0.00812982602925139,0.052365547917509137,buy,buy
2025-07-24 13:30:00,520.0,522.1,517.7,518.0,799.202,511.995,517.4879999999999,0.007356566786956714,0.028798411122145096,buy,buy
2025-07-24 14:00:00,518.1,519.6,515.2,518.2,1074.266,512.1850000000001,517.465,0.007255726892500671,0.035571542765787445,buy,buy
2025-07-24 15:30:00,524.2,524.2,519.7,521.7,2376.727,512.9825,517.64,0.007423400275831526,0.009872241579558683,buy,buy
2025-07-24 16:00:00,521.7,522.3,515.9,516.2,922.006,513.22,517.631,0.007533139041286853,-0.009593246354566376,buy,buy
2025-07-24 17:00:00,515.7,519.8,515.0,518.8,1007.037,513.845,517.568,0.007389467217061541,-0.0024995193232072443,buy,buy
2025-07-24 17:30:00,518.7,521.3,518.6,520.0,337.57,514.1324999999999,517.578,0.0073351792254030415,0.0001923446816696206,buy,buy
2025-07-24 18:00:00,520.0,521.3,518.7,520.2,714.874,514.355,517.589,0.007300987698647187,-0.001343827990017199,buy,buy
2025-07-24 18:30:00,520.2,521.1,518.4,519.3,713.537,514.5275,517.592,0.007232844259711531,-0.002305475504322807,buy,buy
2025-07-24 19:00:00,519.3,520.0,517.1,517.6,879.395,514.6474999999999,517.5830000000001,0.007249630828848024,-0.004806767929244393,buy,buy
2025-07-24 19:30:00,517.6,517.6,515.2,515.5,698.032,514.73,517.538,0.007208030590425966,-0.004826254826254872,buy,buy
2025-07-24 20:00:00,515.5,517.3,515.2,516.3,355.777,514.7674999999999,517.495,0.0071115889961654525,-0.003666538016210086,buy,buy
2025-07-24 20:30:00,516.2,523.3,515.3,518.5,2810.942,514.765,517.473,0.007132020199661254,-0.012569034469624873,buy,buy
2025-07-24 21:00:00,518.5,519.2,514.4,514.9,1164.551,514.6875,517.42,0.007132751128958206,-0.017928666793820325,buy,buy
2025-07-24 21:30:00,515.0,516.3,514.1,515.0,477.049,514.505,517.423,0.006965343627523469,-0.012842629863906496,buy,buy
2025-07-24 22:00:00,515.0,515.1,512.3,514.3,812.17,514.3375,517.398,0.006926294726309699,-0.0036807438977142226,buy,buy
2025-07-24 22:30:00,514.4,516.5,513.3,514.7,215.668,514.2325,517.366,0.006920665437040413,-0.0019391118867558843,buy,buy
2025-07-25 01:30:00,511.5,527.3,510.7,525.2,8086.545,515.1099999999999,516.765,0.007883601183938122,0.018816682832201836,buy,buy
2025-07-25 02:00:00,525.2,527.3,520.9,525.7,3701.177,515.705,516.7909999999999,0.007874774262808892,0.018206469107108436,buy,buy
2025-07-25 02:30:00,525.6,526.5,521.3,522.4,6277.606,516.4,516.785,0.007907170179390419,0.007521697203471511,buy,buy
2025-07-25 03:00:00,522.3,523.4,517.3,519.8,4050.355,516.895,516.75,0.007936241694527843,0.009516410953583243,buy,buy
2025-07-25 03:30:00,519.7,519.9,515.7,517.1,2001.52,517.2349999999999,516.687,0.007857096256944565,0.004077669902912584,buy,buy
2025-07-25 04:00:00,517.0,519.6,515.3,518.4,2004.887,517.6850000000001,516.6229999999999,0.0077860558925192565,0.007972000777756172,buy,buy
2025-07-25 04:30:00,518.4,530.0,518.2,526.5,7467.961,518.2325,516.6339999999999,0.00794727407972787,0.022925976296871875,buy,buy
2025-07-25 05:30:00,525.4,525.4,522.1,522.4,1351.111,518.855,516.578,0.007708113305645805,0.01832358674463941,buy,buy
2025-07-25 06:30:00,524.4,525.8,521.8,522.4,1244.82,518.9125,516.48,0.00727500721373027,0.017332035053553962,buy,buy
2025-07-25 07:00:00,522.4,525.5,520.6,523.5,1729.468,518.9975000000001,516.432,0.0071334808827875455,0.02346041055718473,buy,buy
2025-07-25 07:30:00,523.5,529.9,523.0,525.3,4009.207,519.1324999999999,516.4,0.007087929938956093,0.000190403655750071,buy,buy
2025-07-25 08:30:00,530.9,532.6,526.2,526.6,3767.675,519.5350000000001,516.455,0.0071926733005799985,0.008039816232771946,buy,buy
2025-07-25 09:00:00,526.6,533.9,526.5,533.4,3437.892,519.8675000000001,516.524,0.007392374425030952,0.026163909195844548,buy,buy
2025-07-25 09:30:00,533.4,546.6,531.7,544.4,13592.867,520.5274999999999,516.702,0.007396697360595149,0.052794430477663745,buy,buy
2025-07-25 10:00:00,544.4,561.8,542.2,560.2,25214.102,521.5775,517.023,0.008355140045102644,0.08063271604938294,hold,hold
2025-07-25 10:30:00,560.2,563.7,556.3,558.3,15488.529,522.4075,517.3290000000001,0.008376697393833293,0.06039886039886033,hold,hold
2025-07-25 11:30:00,560.1,560.6,554.3,554.5,4969.58,524.12,517.9820000000001,0.008463816729078234,0.061447166921899,hold,hold
2025-07-25 12:00:00,554.5,558.2,553.3,553.7,4482.879,525.0575,518.254,0.008473141043997675,0.05587337909992396,hold,hold
2025-07-25 13:30:00,546.9,549.9,544.2,545.2,3949.319,527.2574999999999,518.851,0.008586340414967095,0.037883114410812935,buy,buy
2025-07-25 14:00:00,545.3,545.6,538.1,539.1,3071.15,527.7299999999999,518.994,0.008767508018915364,0.015445469956677504,buy,buy
2025-07-25 14:30:00,539.1,539.9,534.8,535.5,3172.8,528.135,519.179,0.008637206429273394,0.016900873528294724,buy,buy
2025-07-25 15:00:00,535.5,538.6,535.0,535.9,1290.737,528.5925,519.335,0.008632413132428334,0.004686914135733078,buy,buy
2025-07-25 15:30:00,536.0,537.5,530.5,534.4,2002.462,529.065,519.596,0.008608990687230167,-0.018368846436443764,buy,buy
2025-07-25 16:30:00,538.8,541.2,536.2,540.3,1108.858,530.1725,520.119,0.008520408247211942,-0.032240730789897865,buy,buy
2025-07-25 17:00:00,540.3,543.1,539.7,542.0,886.477,530.85,520.425,0.008494599558019608,-0.03214285714285714,buy,buy
2025-07-25 18:00:00,541.1,542.1,537.6,538.9,1259.082,532.1175000000001,520.9540000000001,0.008529921930457462,-0.026729275781109063,buy,buy
2025-07-25 18:30:00,539.0,539.8,537.9,538.2,386.05,532.705,521.266,0.008527458407385969,-0.02198800654188604,buy,buy
2025-07-25 19:00:00,538.1,539.5,537.1,537.8,371.036,533.385,521.6,0.008509666651846758,-0.016819012797074984,buy,buy
2025-07-25 19:30:00,537.8,541.3,537.8,540.9,2093.603,534.0825000000001,521.93,0.008507657794867297,-0.007887013939838705,buy,buy
2025-07-25 20:00:00,541.0,545.8,539.5,544.6,1231.955,534.885,522.27,0.00854860571758603,0.010202188833240644,buy,buy
2025-07-25 20:30:00,544.6,553.0,544.6,551.3,3073.329,535.83,522.639,0.008688567889141158,0.029505135387488224,buy,buy
2025-07-25 21:00:00,551.3,552.1,547.8,548.6,1259.101,536.7575,522.984,0.008652139659386174,0.023698451203582938,buy,buy
2025-07-25 21:30:00,548.6,550.2,546.1,549.9,616.045,537.375,523.3760000000001,0.008651611796241401,0.029004491017964096,buy,buy
2025-07-25 22:00:00,549.9,551.7,548.0,551.1,759.335,538.01,523.82,0.008642648176163451,0.02282850779510026,buy,buy
2025-07-25 23:00:00,552.5,558.3,551.8,555.4,1738.838,539.6524999999999,524.804,0.008544887361441237,0.024723247232472323,hold,hold
2025-07-26 00:00:00,557.3,558.0,553.9,556.4,1497.438,541.6075,525.743,0.008542471438436413,0.03247355724624246,hold,hold
2025-07-26 00:30:00,556.5,557.1,552.5,554.1,772.711,542.2974999999999,526.16,0.00858445472675128,0.029542920847268617,hold,hold
2025-07-26 01:30:00,553.0,557.4,552.3,556.9,1550.11,543.85,527.008,0.0077723559237829806,0.029580329081160928,buy,buy
2025-07-26 02:00:00,556.9,558.9,556.3,557.1,1847.232,544.6675,527.431,0.007773312320749338,0.02295262578038937,buy,buy
2025-07-26 02:30:00,557.1,559.5,556.4,556.9,907.862,545.53,527.814,0.0076981318223647175,0.01015780881552697,buy,buy
2025-07-26 03:00:00,556.8,556.9,553.4,554.6,921.138,546.3075,528.18,0.007684250059773307,0.010936930368210085,buy,buy
2025-07-26 03:30:00,554.5,556.1,553.8,554.9,554.903,547.0475,528.506,0.007624209910159428,0.009092562284051642,buy,buy
2025-07-26 04:00:00,554.9,556.6,553.8,555.7,719.716,547.6674999999999,528.853,0.0076227437714842874,0.008346942478679065,buy,buy
2025-07-26 04:30:00,555.7,555.8,553.6,554.4,649.501,548.3625,529.2080000000001,0.007349425792760809,0.0034389140271493535,buy,buy
2025-07-26 05:30:00,554.2,554.8,553.2,553.9,477.231,549.12,529.937,0.007274569779341883,-0.006100843351875107,buy,buy
2025-07-26 06:00:00,553.8,555.8,553.0,555.4,306.974,549.0,530.377,0.00726790232031171,-0.0017972681524083267,buy,buy
2025-07-26 06:30:00,555.5,556.8,554.7,554.9,637.791,548.9150000000001,530.8620000000001,0.007237042311207432,0.0014437827107018908,buy,buy
2025-07-26 07:00:00,554.9,555.3,553.0,553.6,472.943,548.755,531.382,0.007254752228829772,0.0012660517272564675,buy,buy
2025-07-26 07:30:00,553.7,553.8,551.4,551.9,734.182,548.69,531.935,0.0072726619691179445,-0.00897827258035555,buy,buy
2025-07-26 08:30:00,554.1,556.2,553.7,555.4,1816.042,548.8275000000001,533.065,0.007025478175417081,-0.0026934817741066652,buy,buy
2025-07-26 09:30:00,555.1,555.2,552.8,554.1,480.021,549.2524999999999,534.122,0.0061641494705290826,-0.001441701207424706,buy,buy
2025-07-26 10:00:00,554.1,555.7,553.5,555.0,299.912,549.65,534.668,0.004499882456655315,-0.0012596724851539065,buy,buy
2025-07-26 10:30:00,555.0,556.7,554.8,555.4,552.07,550.1475,535.1759999999999,0.004476606842218316,0.0018037518037516964,buy,buy
2025-07-26 11:00:00,555.4,558.3,555.0,557.5,761.283,550.6875,535.689,0.004488849168291674,0.005954529050884005,buy,buy
2025-07-26 11:30:00,557.4,558.9,556.9,558.6,841.035,551.2924999999999,536.109,0.004261504105614842,0.008485286152735139,buy,buy
2025-07-26 12:00:00,558.6,558.8,556.5,556.9,881.498,551.745,536.466,0.004280550594813943,0.0027007562117393746,buy,buy
2025-07-26 12:30:00,556.9,557.9,555.3,555.7,772.38,552.13,536.79,0.004194129849076812,0.001441701207424817,buy,buy
2025-07-26 13:00:00,555.7,557.1,554.7,557.0,404.779,552.505,537.159,0.004103171541017221,0.006141618497109702,buy,buy
2025-07-26 14:00:00,557.2,557.5,555.5,555.6,304.407,553.325,537.879,0.003722957931465878,0.002707092582566295,buy,buy
2025-07-26 14:30:00,555.6,556.8,555.0,555.0,883.273,553.745,538.224,0.0035736928463794846,-0.0007202016564638036,buy,buy
2025-07-26 15:00:00,555.0,557.2,554.9,556.0,750.211,554.2,538.5830000000001,0.0035769051605729586,0.0016213294901818998,buy,buy
2025-07-26 15:30:00,555.9,556.9,555.1,556.0,382.084,554.5775,538.9630000000001,0.0035400478165076026,0.0034289839379173515,buy,buy
2025-07-26 16:30:00,553.6,554.8,552.5,554.8,474.629,554.8900000000001,539.614,0.0034366203138827545,-0.0010803024846957054,buy,buy
2025-07-26 17:30:00,555.4,559.3,555.3,558.9,1552.062,555.2875,540.298,0.003495233510878338,0.0005370569280342963,buy,buy
2025-07-26 18:00:00,558.9,559.2,557.2,558.3,865.619,555.4675,540.719,0.0034349448083029637,0.002513916322499421,buy,buy
2025-07-26 18:30:00,558.3,561.5,557.8,560.2,794.568,555.66,541.164,0.003442518170032496,0.008097894547417717,buy,buy
2025-07-26 20:00:00,561.0,561.0,558.8,559.2,400.316,555.9675,542.3879999999999,0.003295231875582015,0.006479481641468832,buy,buy
2025-07-26 20:30:00,559.3,560.1,559.1,559.3,313.55,556.0975000000001,542.788,0.0028037365866761667,0.007747747747747669,buy,buy
2025-07-26 21:00:00,559.2,560.9,558.9,560.0,666.584,556.275,543.212,0.0026995590325708057,0.007194244604316502,buy,buy
2025-07-26 21:30:00,559.9,561.4,559.9,560.1,396.998,556.3549999999999,543.6579999999999,0.0026845830715236997,0.00737410071942457,buy,buy
2025-07-26 22:00:00,560.0,560.9,558.3,559.2,922.723,556.4075,544.087,0.0026863645697934105,0.010115606936416333,buy,buy
2025-07-26 23:00:00,560.1,561.5,559.4,559.7,592.605,556.6125,544.95,0.0025713565400970616,0.007560756075607689,buy,buy
2025-07-26 23:30:00,559.6,560.5,558.9,559.1,479.717,556.7175,545.391,0.0025317421614223295,0.0003578457684738634,buy,buy
2025-07-27 00:30:00,559.9,560.4,555.4,556.8,1037.182,556.8824999999999,546.268,0.0025846369393943596,-0.006069260978222246,buy,buy
2025-07-27 02:00:00,568.9,574.1,564.9,569.3,3722.895,557.7425000000001,547.886,0.0034056392208539573,0.018061516452074322,buy,buy
2025-07-27 02:30:00,569.3,573.4,566.0,567.9,2864.413,558.0674999999999,548.43,0.003429751813296504,0.015376363311282004,buy,buy
2025-07-27 03:00:00,567.9,568.4,565.2,567.8,947.776,558.4225,548.993,0.003365185620710623,0.01392857142857129,buy,buy
2025-07-27 03:30:00,567.9,568.6,565.7,568.0,563.484,558.825,549.4209999999999,0.0033652418480219393,0.01410462417425462,buy,buy
2025-07-27 04:00:00,568.0,569.8,566.7,568.8,411.86,559.1925,549.852,0.0033650455608067805,0.01716738197424883,buy,buy
2025-07-27 04:30:00,568.9,571.1,567.0,567.8,497.968,559.5024999999999,550.306,0.003355675274133547,0.01392857142857129,buy,buy
2025-07-27 05:00:00,567.9,567.9,566.0,566.8,803.171,559.795,550.7760000000001,0.0033694062441387766,0.01268536716097901,buy,buy
2025-07-27 06:00:00,569.8,584.8,569.0,580.5,20722.7,560.825,551.924,0.004316828838719447,0.036792284336488734,buy,buy
2025-07-27 06:30:00,580.4,582.8,579.6,580.1,2972.581,561.4425,552.46,0.004315030613672266,0.04184626436781613,buy,buy
2025-07-27 07:00:00,580.1,583.6,579.8,582.9,1826.467,562.0775,553.036,0.004323244690788243,0.041450777202072464,hold,hold
2025-07-27 08:00:00,585.2,587.1,582.5,586.4,2990.623,563.48,554.284,0.004280959240410617,0.030036887405585855,hold,hold
2025-07-27 08:30:00,586.4,587.4,583.3,583.9,1893.294,564.185,554.899,0.004348738852529974,0.02817397429124857,hold,hold
2025-07-27 09:00:00,583.9,586.6,582.9,585.0,1050.132,564.885,555.514,0.004343925350392927,0.030292356463543557,hold,hold
2025-07-27 10:00:00,585.0,591.2,584.9,589.0,3385.209,566.415,556.692,0.004403210045336541,0.03551336146272854,hold,hold
2025-07-27 10:30:00,589.0,595.0,588.6,590.3,3765.128,567.2975,557.3290000000001,0.004404643002158764,0.039626629094751786,hold,hold
2025-07-27 14:00:00,594.5,599.7,594.5,598.2,2251.112,574.3875,560.451,0.0048311433661338155,0.020122783083219797,sell,sell
2025-07-27 14:30:00,598.2,598.7,595.1,596.1,2253.999,575.2850000000001,560.909,0.00487187955004685,0.020893988696694787,hold,hold
2025-07-27 15:00:00,596.1,596.3,593.1,595.0,2067.874,576.135,561.3889999999999,0.004895471632930887,0.017094017094017033,hold,hold
2025-07-27 15:30:00,595.0,599.2,594.1,598.6,1216.023,577.0699999999999,561.923,0.004935727781500393,0.02324786324786321,hold,hold
2025-07-27 16:30:00,600.9,608.2,599.3,603.5,7578.055,579.2175,563.221,0.004883567437116393,0.02236151109605289,sell,sell
2025-07-27 17:00:00,603.6,605.0,599.9,602.7,3009.126,580.2850000000001,563.889,0.004903490347290728,0.016186140617096667,sell,sell
2025-07-27 17:30:00,602.7,604.2,597.5,599.3,3331.007,581.2650000000001,564.538,0.004971908167258722,0.010794400404789961,hold,hold
2025-07-27 18:00:00,599.2,604.0,598.7,603.8,1726.219,582.38,565.188,0.005032546188038904,0.008181666388378694,sell,sell
2025-07-27 18:30:00,603.8,606.3,603.5,603.5,1533.348,583.4675,565.82,0.005035053328671588,0.0028248587570622874,sell,sell
2025-07-27 19:00:00,603.4,605.1,601.4,602.6,1352.036,584.54,566.4259999999999,0.005054333170267681,0.008704385671242099,sell,sell
2025-07-27 19:30:00,602.7,605.0,602.7,604.6,925.913,585.6775,567.061,0.005058111071543528,0.017160161507402405,sell,sell
2025-07-27 20:00:00,604.6,604.9,599.5,600.1,1182.952,586.6825,567.673,0.005171525907771953,0.0031761952524238524,sell,sell
2025-07-27 20:30:00,600.1,601.2,595.9,596.8,1286.282,587.6825,568.259,0.005266102819841446,0.0011742996141586026,sell,sell
2025-07-27 21:00:00,596.8,599.5,596.0,597.8,1318.919,588.635,568.859,0.005266261706068036,0.004705882352941115,sell,sell
2025-07-27 21:30:00,597.8,600.4,597.4,598.1,711.671,589.365,569.431,0.005264905290774267,-0.0008352823254259567,sell,sell
2025-07-27 22:00:00,598.1,600.6,598.1,599.2,1618.392,590.1125,569.977,0.005246745862138608,-0.0028290896987850367,sell,sell
2025-07-27 22:30:00,599.3,599.4,594.5,594.6,1367.107,590.78,570.41,0.005409748800104974,-0.014747307373653595,sell,sell
2025-07-27 23:00:00,594.5,595.3,590.0,590.2,2010.862,591.3399999999999,570.826,0.005547314349005392,-0.020740003318400535,sell,sell
2025-07-27 23:30:00,590.1,590.9,590.0,590.0,5171.448,591.89,571.227,0.005542154565851798,-0.015518104455197634,sell,sell
2025-07-28 00:00:00,590.0,592.5,590.0,591.1,4430.631,592.4475,571.627,0.005542998014406468,-0.02103345478635299,hold,hold
2025-07-28 01:00:00,590.1,593.5,590.0,590.5,2080.259,593.595,572.353,0.005442202939187565,-0.020079654829074034,hold,hold
2025-07-28 01:30:00,590.4,595.4,590.0,594.2,3321.392,594.205,572.7220000000001,0.005014773489656636,-0.017201455507773744,hold,hold
2025-07-28 02:30:00,590.0,591.2,590.0,590.3,2384.209,594.7,573.4209999999999,0.005118779767509282,-0.010891420911528171,hold,hold
2025-07-28 04:00:00,590.1,590.6,590.0,590.3,2422.266,595.1,574.457,0.005120097508755611,-0.014853137516689041,hold,hold
2025-07-28 04:30:00,590.3,593.1,590.0,590.7,1723.275,595.2700000000001,574.795,0.005106398246718167,-0.006559031281533789,hold,hold
2025-07-28 05:00:00,590.8,606.7,590.0,605.0,19631.807,595.7700000000001,575.299,0.006103676589525302,0.02507624534056241,sell,sell
2025-07-28 06:30:00,591.3,594.5,590.0,590.4,2541.825,596.0175,576.391,0.00633651696615291,0.0006779661016949046,hold,hold
2025-07-28 08:00:00,580.4,582.8,577.2,579.6,2222.016,595.0175,577.205,0.006517922442221356,-0.017793594306049876,hold,hold
2025-07-28 08:30:00,579.6,580.0,577.0,577.8,934.979,594.4175,577.434,0.00650477930609426,-0.021175673386413685,hold,hold
2025-07-28 09:30:00,583.6,584.8,582.4,583.4,1290.749,593.8,578.05,0.006670796011541866,-0.011354007795289056,hold,hold
2025-07-28 10:00:00,583.4,585.4,582.5,585.2,390.653,593.475,578.361,0.006610252714117228,-0.008639674741656611,hold,hold
2025-07-28 10:30:00,585.2,587.2,583.6,586.9,814.571,593.245,578.6759999999999,0.006616230047046095,-0.006433045539190885,sell,sell
2025-07-28 11:00:00,586.9,588.1,586.1,586.9,488.53,593.0424999999999,578.994,0.006577677880484775,-0.029917355371900878,sell,sell
2025-07-28 11:30:00,586.9,587.9,585.6,586.1,484.046,592.73,579.314,0.006579806969517957,-0.010801687763713042,sell,sell
2025-07-28 12:00:00,586.1,586.5,584.4,585.2,635.63,592.3375,579.616,0.006402828166184992,-0.010316252325384578,sell,sell
2025-07-28 12:30:00,585.2,589.3,584.4,588.4,1113.453,591.9599999999999,579.946,0.006414488895134652,-0.003387533875338744,sell,sell
2025-07-28 13:30:00,584.2,585.4,579.5,582.0,1998.211,591.0674999999999,580.448,0.006392250014420895,0.002756719503790528,hold,hold
2025-07-28 14:30:00,580.3,585.3,579.5,581.2,1485.034,589.9225,580.937,0.006314896173314889,0.0058843890619593164,sell,sell
2025-07-28 15:00:00,581.2,585.1,580.5,583.4,718.989,589.4425,581.201,0.006341759989921656,-0.000513962652047395,sell,sell
2025-07-28 15:30:00,583.4,586.3,582.5,584.2,1238.29,588.9325,581.471,0.006276272623718125,0.0013712718546452507,sell,sell
2025-07-28 16:00:00,584.3,586.9,583.8,586.3,529.804,588.5875,581.778,0.00627273820078929,0.001879699248120037,sell,sell
2025-07-28 16:30:00,586.2,586.3,582.8,583.2,352.565,588.2475000000001,582.06,0.006269053851353625,-0.006304310785482881,hold,hold
2025-07-28 17:30:00,583.7,584.1,582.1,582.8,568.684,587.515,582.606,0.006232123684624262,-0.005630438491725065,sell,sell
2025-07-28 18:00:00,582.8,583.6,580.5,581.9,1153.24,587.0825,582.889,0.006118617784246607,-0.005639097744360999,sell,sell
2025-07-28 18:30:00,581.9,583.9,580.7,581.1,648.656,586.745,583.1519999999999,0.006119153858705289,-0.012406526172671573,hold,hold
2025-07-28 19:30:00,579.7,579.7,575.2,578.4,1710.696,586.1925,583.5889999999999,0.006096073283709467,-0.006185567010309367,hold,hold
2025-07-28 20:30:00,574.1,576.9,574.0,574.9,571.396,585.3900000000001,583.8939999999999,0.0060664454192846185,-0.010839642119752302,hold,hold
2025-07-28 21:00:00,574.8,577.5,574.6,576.5,524.027,585.0400000000001,584.049,0.006078003266624733,-0.011827219746314621,hold,hold
2025-07-28 21:30:00,576.5,579.9,575.0,575.8,804.845,584.58,584.195,0.006075604708656665,-0.014378637452927223,hold,hold
2025-07-28 22:00:00,575.7,576.7,571.5,571.9,1087.906,584.1249999999999,584.322,0.006123791605375384,-0.024560805048609913,hold,hold
2025-07-28 22:30:00,571.9,572.9,568.9,570.4,1699.578,583.6274999999999,584.433,0.006048704650021001,-0.021947873799725737,hold,hold
2025-07-28 23:00:00,570.4,571.1,569.4,570.4,385.855,583.135,584.5369999999999,0.0059719601320398046,-0.02295306611853376,hold,hold
2025-07-29 00:00:00,572.6,585.4,571.1,577.7,7781.294,582.3824999999999,584.847,0.006153683889706089,-0.007217735006014636,hold,hold
2025-07-29 01:00:00,582.1,583.5,581.0,581.6,855.155,581.5799999999999,585.286,0.006252417678249432,0.0032775573572536576,hold,hold
2025-07-29 01:30:00,581.7,583.9,579.8,580.6,709.947,581.2825,585.501,0.00617988804737679,0.003803596127247566,hold,hold
2025-07-29 02:00:00,580.7,581.7,576.8,578.9,769.449,580.9725,585.691,0.006118153472221857,0.008360912732973347,hold,hold
2025-07-29 04:00:00,582.6,587.1,582.6,585.3,1801.054,580.7774999999999,586.419,0.006335277409098405,0.023430669697499518,sell,sell
2025-07-29 04:30:00,585.2,585.2,581.4,581.9,399.982,580.88,586.559,0.006386061705629448,0.02016129032258074,sell,sell
2025-07-29 05:30:00,579.6,581.8,578.3,578.5,541.258,580.6575,586.7829999999999,0.004412367219200237,0.010303877052043164,hold,hold
2025-07-29 08:00:00,575.8,575.9,570.7,572.0,1309.869,579.4075,587.049,0.0043111160028076415,-0.011919157021938132,hold,hold
2025-07-29 08:30:00,572.0,573.2,570.8,571.1,589.12,578.975,586.9590000000001,0.004295286011671037,-0.010225303292894283,hold,hold
2025-07-29 09:00:00,571.2,573.5,570.3,570.8,1402.309,578.6374999999999,586.8380000000001,0.004009852914455127,-0.020085836909871313,hold,hold
2025-07-29 10:30:00,571.4,572.3,565.3,566.7,1802.956,577.8025,586.384,0.004118778895234208,-0.026121326688434365,hold,hold
2025-07-29 11:00:00,566.7,570.0,566.3,567.1,883.395,577.395,586.205,0.004122666372874379,-0.021735380369156454,hold,hold
2025-07-29 12:30:00,566.6,571.1,565.9,569.7,1506.998,576.1274999999999,585.592,0.004116166577368163,-0.011109182433605258,hold,hold
2025-07-29 13:00:00,569.6,574.8,568.5,574.2,1023.142,575.8875,585.403,0.004190415529770395,-0.008118846087406983,hold,hold
2025-07-29 14:00:00,568.9,569.0,565.6,567.6,987.828,575.1825,584.85,0.004346524530206231,-0.007692307692307665,hold,hold
2025-07-29 14:30:00,567.6,567.6,561.5,563.3,1351.373,574.7375,584.465,0.00445531994028696,-0.01365785326562785,buy,buy
2025-07-29 15:00:00,563.3,564.2,561.3,561.4,848.26,574.28,584.105,0.004423672148903721,-0.016468114926418975,buy,buy
2025-07-29 15:30:00,561.4,562.3,560.3,562.1,940.573,573.8725,583.7819999999999,0.004422414815856134,-0.017135862913096656,buy,buy
2025-07-29 16:00:00,562.2,567.6,561.2,566.5,3582.144,573.6825,583.465,0.00455209060549857,-0.008748906386701671,hold,hold
2025-07-29 17:30:00,567.6,568.7,561.5,565.3,1443.548,572.9975000000001,582.566,0.004532485436862336,-0.0022943875750089937,hold,hold
2025-07-29 18:30:00,565.2,567.0,564.6,566.6,443.316,572.7325,581.839,0.004553215024013163,-0.005441460417763722,hold,hold
2025-07-29 20:00:00,564.2,565.4,560.4,563.3,2912.081,572.0575,580.7180000000001,0.004446972048805225,-0.00757575757575768,hold,hold
2025-07-29 20:30:00,563.2,563.8,560.2,563.0,656.526,571.5825,580.313,0.0044392575735620506,-0.0005325758920645685,hold,hold
2025-07-29 22:30:00,563.7,563.8,562.0,562.0,377.393,570.0175,578.827,0.004370440581571042,-0.008643499735403015,hold,hold
2025-07-29 23:00:00,562.0,564.4,561.8,564.0,332.637,569.5550000000001,578.489,0.004405675647312379,-0.00634249471458781,buy,buy
2025-07-29 23:30:00,563.9,564.7,563.1,564.2,190.235,569.0925,578.15,0.0043654427394981725,-0.0019458694498494244,buy,buy
2025-07-30 00:00:00,564.2,565.1,562.2,562.6,439.789,568.525,577.784,0.004162936690904294,-0.004423995752964038,buy,buy
2025-07-30 01:00:00,566.1,567.5,563.7,565.5,676.21,567.7774999999999,577.253,0.004123948616911275,-0.0012363122571530383,buy,buy
2025-07-30 01:30:00,565.4,568.7,564.5,567.1,387.279,567.4925000000001,577.024,0.004149309032889201,0.005140021269053552,hold,hold
2025-07-30 02:00:00,567.1,572.8,567.1,568.8,893.324,567.275,576.8009999999999,0.004163102745990334,0.00976389135451794,hold,hold
2025-07-30 03:00:00,570.6,571.1,569.4,570.6,370.27,566.9325,576.409,0.0039186557876834385,0.011164274322169154,hold,hold
2025-07-30 03:30:00,570.7,570.8,568.6,569.0,547.501,566.7625,576.1569999999999,0.003931880460673187,0.006189213085764811,hold,hold
2025-07-30 04:00:00,569.1,569.2,567.0,567.3,370.963,566.645,575.929,0.003879009166830441,0.006386375731772143,hold,hold
2025-07-30 04:30:00,567.3,567.3,564.4,564.8,790.17,566.4875,575.674,0.0038444047926361343,0.004982206405693912,buy,buy
2025-07-30 05:00:00,564.9,566.9,563.4,566.9,482.675,566.3900000000001,575.442,0.0038652880711287007,0.005141843971631088,buy,buy
2025-07-30 05:30:00,566.8,566.9,564.5,565.2,347.98,566.2225000000001,575.193,0.003875840567209816,0.0017724211272598378,buy,buy
2025-07-30 06:30:00,568.0,568.8,566.8,567.4,187.161,566.1524999999999,574.737,0.0039387999932025955,0.0021193924408335896,hold,hold
2025-07-30 07:30:00,569.6,569.7,564.8,566.5,378.147,566.2099999999999,574.122,0.00390751366630111,-0.0010580144595310204,buy,buy
2025-07-30 08:30:00,567.1,569.1,566.3,567.7,216.756,566.1675,573.652,0.0037995563724005413,-0.00525670229542663,hold,hold
2025-07-30 09:00:00,567.8,568.8,565.7,566.0,424.84,565.9625,573.4630000000001,0.0038218477687230828,-0.008061689449702092,buy,buy
2025-07-30 09:30:00,566.0,566.0,562.4,563.1,435.346,565.8175,573.29,0.003874711166661649,-0.010369068541300486,buy,buy
2025-07-30 10:00:00,563.2,566.2,563.1,566.2,302.181,565.7825,573.156,0.00396410131691345,-0.0019390093424993537,buy,buy
2025-07-30 10:30:00,566.1,568.4,563.6,564.4,847.775,565.8100000000001,573.0219999999999,0.003802309313308555,-0.0007082152974503542,buy,buy
2025-07-30 11:00:00,564.4,567.4,562.4,562.7,988.728,565.8425,572.812,0.0038238168543790084,-0.007408714058916743,buy,buy
2025-07-30 11:30:00,562.7,564.8,558.5,562.1,1944.48,565.8425,572.599,0.0038246559481375677,-0.005484784147204547,buy,buy
2025-07-30 12:30:00,566.3,566.6,561.3,564.7,2885.521,565.78,572.187,0.003912352385345093,-0.004758547761720022,buy,buy
2025-07-30 13:00:00,564.6,566.7,563.1,564.4,844.812,565.7,571.962,0.0037269714310679573,-0.008955223880597107,buy,buy
2025-07-30 13:30:00,564.4,567.5,564.0,565.9,987.307,565.7149999999999,571.76,0.0035132890787082476,-0.0010591350397175514,buy,buy
2025-07-30 14:30:00,570.0,571.6,568.7,570.4,992.529,565.9300000000001,571.427,0.003468245729869638,0.004756033116082303,hold,hold
2025-07-30 15:00:00,570.5,571.2,566.5,569.8,763.189,566.02,571.2819999999999,0.00343241323605481,0.006713780918727874,hold,hold
2025-07-30 15:30:00,569.9,570.5,568.8,569.3,334.396,566.1475,571.155,0.0034338404056917056,0.011010477712661837,hold,hold
2025-07-30 16:30:00,566.1,568.1,565.1,568.1,347.817,566.345,570.882,0.0033892783689509287,0.006555634301913527,hold,hold
2025-07-30 17:00:00,568.2,571.6,566.9,571.2,522.018,566.5175,570.76,0.003474404231887636,0.015105740181268867,hold,hold
2025-07-30 17:30:00,571.2,572.2,570.2,571.0,683.224,566.655,570.628,0.0034200843664476985,0.015833481586906117,hold,hold
2025-07-30 20:30:00,568.2,569.5,567.5,568.2,303.264,567.005,569.604,0.004107611977763127,-0.0038569424964935983,hold,hold
2025-07-30 21:00:00,568.3,569.5,567.2,567.2,400.569,567.0475,569.4789999999999,0.004105142816210595,-0.0045630045630044025,hold,hold
2025-07-30 21:30:00,567.1,568.3,565.0,566.9,257.737,567.0424999999999,569.364,0.004095339992986308,-0.004215703495520806,hold,hold
2025-07-30 22:00:00,566.8,570.7,566.5,567.3,790.111,567.005,569.2959999999999,0.0040681996692424945,0.002119766825648961,hold,hold
2025-07-30 22:30:00,567.3,569.7,567.1,567.6,383.825,566.9275,569.2230000000001,0.004041768135468935,-0.0008801267382503308,hold,hold
2025-07-30 23:00:00,567.6,593.6,567.5,590.9,35684.273,567.4350000000001,569.3670000000001,0.007138230455902455,0.03448879551820716,sell,sell
2025-07-30 23:30:00,590.9,595.1,590.0,590.1,3645.802,567.9625,569.51,0.007145750451673756,0.03345008756567425,sell,sell
2025-07-31 00:00:00,590.1,597.1,590.0,596.0,3156.545,568.6800000000001,569.751,0.007240182186432833,0.04433152269143159,sell,sell
2025-07-31 00:30:00,596.0,597.1,590.8,591.1,2033.446,569.3375,569.958,0.007325032275438926,0.049911190053286036,sell,sell
2025-07-31 01:00:00,591.2,591.3,581.1,585.1,4305.226,569.7925,570.105,0.007492038039060137,0.04221588884930538,sell,sell
2025-07-31 01:30:00,585.1,586.8,582.6,584.7,1239.729,570.28,570.226,0.00748832279106509,0.034684126703238505,sell,sell
2025-07-31 02:00:00,584.8,586.5,582.7,585.3,907.982,570.7125,570.302,0.0074806527717615375,0.02991377793418959,sell,sell
2025-07-31 02:30:00,585.3,585.6,582.9,584.9,843.144,571.15,570.331,0.007472093002244503,0.029391059486096216,sell,sell
2025-07-31 03:00:00,584.9,586.8,582.8,584.3,1076.847,571.5200000000001,570.3580000000001,0.007474831134382311,0.030148095909731776,hold,hold
2025-07-31 03:30:00,584.2,585.2,583.0,583.7,178.874,571.95,570.389,0.0074624001870241645,0.02963485623566786,hold,hold
2025-07-31 04:00:00,583.8,585.8,583.0,583.7,593.399,572.3675000000001,570.437,0.007444632320472281,0.028908866560902746,hold,hold
2025-07-31 04:30:00,583.6,584.3,581.9,584.3,567.393,572.7825,570.51,0.0074077809508850245,0.029422128259337432,sell,sell
2025-07-31 05:00:00,584.4,589.4,583.5,584.0,1011.122,573.2325,570.525,0.007396680988108799,-0.011677102724657273,sell,sell
2025-07-31 05:30:00,584.1,584.6,581.5,583.0,892.572,573.7299999999999,570.5279999999999,0.007385517154887207,-0.012031859006948031,sell,sell
2025-07-31 06:00:00,583.0,588.1,582.5,587.0,827.113,574.25,570.545,0.007414113955547968,-0.015100671140939603,sell,sell
2025-07-31 06:30:00,586.9,587.1,582.2,582.3,1492.625,574.6975,570.549,0.007516554865980997,-0.01488749788529875,sell,sell
2025-07-31 07:00:00,582.2,582.7,580.7,582.3,1307.672,575.1875,570.575,0.007502695372634849,-0.004785506750982882,sell,sell
2025-07-31 07:30:00,582.3,583.2,580.8,582.2,1033.948,575.69,570.6120000000001,0.00745538852381616,-0.00427569693860097,sell,sell
2025-07-31 08:00:00,582.2,586.2,582.2,584.5,2255.745,576.1475,570.682,0.007471028136358817,-0.00136682043396541,sell,sell
2025-07-31 08:30:00,584.6,585.7,583.6,585.7,323.109,576.6724999999999,570.7779999999999,0.007473300192861213,0.001367755171824303,sell,sell
2025-07-31 09:00:00,585.7,587.2,584.4,587.0,830.171,577.2375,570.859,0.007456667186758377,0.004620913914085367,sell,sell
2025-07-31 09:30:00,587.0,587.0,585.4,586.3,275.087,577.7475000000001,570.964,0.007411831351106049,0.00445434298440972,sell,sell
2025-07-31 10:00:00,586.2,586.5,583.7,584.7,623.967,578.1175,571.091,0.007397494397604086,0.0017132088401576873,sell,sell
2025-07-31 10:30:00,584.8,585.0,582.4,582.9,669.867,578.4300000000001,571.2090000000001,0.007396387354614316,-0.002396029436933067,sell,sell
2025-07-31 11:00:00,582.9,584.2,582.5,583.0,484.404,578.76,571.331,0.0073766537955808715,-0.001712328767123239,sell,sell
2025-07-31 11:30:00,583.0,583.5,580.7,583.4,957.799,579.1125,571.446,0.007371733302767045,0.0006861063464835837,sell,sell
2025-07-31 12:00:00,583.5,583.7,582.0,582.2,600.547,579.515,571.553,0.007319875910702355,-0.00817717206132873,sell,sell
2025-07-31 12:30:00,582.1,582.2,578.6,580.5,1484.718,579.825,571.691,0.007322541658082724,-0.0030911901081915882,sell,sell
2025-07-31 13:00:00,580.5,580.5,576.4,579.4,1555.536,580.03,571.814,0.007329669394514827,-0.0049802507298642995,sell,sell
2025-07-31 13:30:00,579.3,579.4,576.0,577.8,1153.349,580.2,571.926,0.007338597738242666,-0.007557540364136139,sell,sell
2025-07-31 14:00:00,577.8,578.9,575.0,575.5,1543.285,580.3199999999999,572.014,0.007300074790380297,-0.015397775876817787,sell,sell
2025-07-31 14:30:00,575.5,576.9,572.0,572.0,1761.619,580.545,572.037,0.007355822645547583,-0.023390814410107597,sell,sell
2025-07-31 15:00:00,572.1,575.1,571.9,574.3,1138.148,580.8675,572.038,0.0073755652620922174,-0.021635434412265786,sell,sell
2025-07-31 15:30:00,574.2,575.3,571.5,574.4,825.817,581.1,572.0930000000001,0.007373888260280459,-0.020296776394337357,sell,sell
2025-07-31 16:00:00,574.4,576.5,573.6,576.1,598.409,581.295,572.178,0.007333370299931137,-0.014708397468787493,sell,sell
2025-07-31 16:30:00,576.1,578.4,574.1,575.3,1137.515,581.4725000000001,572.298,0.007322901116954931,-0.013038256990907549,sell,sell
2025-07-31 17:00:00,575.2,575.2,570.6,572.3,662.19,581.6,572.4069999999999,0.007324637544663251,-0.018353344768439195,sell,sell
2025-07-31 17:30:00,572.3,572.9,569.0,569.6,656.216,581.6675,572.4820000000001,0.007356974098185562,-0.023654439492629353,sell,sell
2025-07-31 18:00:00,569.6,570.5,567.3,570.4,840.643,581.745,572.521,0.007359454754004596,-0.02026794915836494,sell,sell
2025-07-31 18:30:00,570.4,572.2,569.1,570.0,542.193,581.8050000000001,572.552,0.007086473389900375,-0.018087855297157618,sell,sell
2025-07-31 19:00:00,570.0,570.3,564.4,565.6,1264.709,581.1724999999999,572.532,0.007166727673781583,-0.02381774249223323,sell,sell
2025-07-31 19:30:00,565.6,566.6,563.5,563.8,708.102,580.515,572.5169999999999,0.0071193961370369565,-0.024229837313949454,sell,sell
2025-07-31 20:00:00,563.7,565.1,561.8,563.0,929.675,579.6899999999999,572.496,0.007072271866760694,-0.021720243266724615,sell,sell
2025-07-31 20:30:00,563.0,564.5,561.9,564.4,563.958,579.0225,572.474,0.007082667996229056,-0.01328671328671338,sell,sell
2025-07-31 21:00:00,564.3,566.2,563.9,566.2,927.64,578.55,572.4739999999999,0.0070942369390337165,-0.014104126763015645,sell,sell
2025-07-31 21:30:00,566.3,577.1,566.1,571.6,10287.313,578.2225,572.548,0.007226204062051707,-0.004874651810584885,sell,sell
2025-07-31 22:00:00,571.5,571.8,563.1,565.2,2634.126,577.72,572.567,0.007410250926495225,-0.01892032633223395,sell,sell
2025-07-31 22:30:00,565.3,565.3,561.0,562.2,1449.006,577.1525,572.559,0.0074483271145051625,-0.022770728315661293,sell,sell
2025-07-31 23:00:00,562.2,565.5,562.1,562.2,473.095,576.6,572.538,0.00431000381811831,-0.017648086667831353,sell,sell
2025-07-31 23:30:00,562.2,563.3,560.3,561.5,1033.72,576.0450000000001,572.498,0.004309857251106463,-0.014220505617977608,sell,sell
2025-08-01 00:00:00,561.4,565.5,558.3,562.1,1157.133,575.505,572.482,0.00400590201196647,-0.014551192145862424,sell,sell
2025-08-01 00:30:00,562.0,563.8,553.0,562.3,2122.712,574.955,572.485,0.0038757377799053558,-0.013508771929824692,sell,sell
2025-08-01 01:00:00,562.2,564.1,556.4,562.4,1301.424,574.4150000000001,572.4689999999999,0.00363818655117907,-0.005657708628005742,sell,sell
2025-08-01 01:30:00,562.3,563.0,558.0,560.0,2029.206,573.84,572.427,0.0036719961001650064,-0.0067399787158566316,sell,sell
2025-08-01 02:00:00,559.9,564.8,558.7,562.4,512.99,573.225,572.425,0.0037377783985017283,-0.001065719360568429,sell,sell
2025-08-01 02:30:00,562.5,565.1,561.5,563.9,383.551,572.765,572.4019999999999,0.0037715981552733746,-0.0008858965272856567,sell,sell
2025-08-01 03:00:00,564.0,577.3,562.2,571.5,2636.078,572.495,572.462,0.0042941530781110135,0.009360649947015132,sell,sell
2025-08-01 03:30:00,571.5,571.6,568.9,570.4,897.46,572.2,572.495,0.004298662410678518,-0.0020993701889433503,sell,sell
2025-08-01 04:00:00,570.3,570.4,567.0,568.4,1083.364,571.7974999999999,572.4910000000001,0.004320225307534669,0.0056617126680820196,sell,sell
2025-08-01 04:30:00,568.3,569.8,567.1,567.3,1460.182,571.3375,572.457,0.004318454939425806,0.009071504802561137,sell,sell
2025-08-01 05:00:00,567.3,570.0,564.5,565.2,1391.013,570.7925,572.403,0.004341462464014785,0.005336179295624355,sell,sell
2025-08-01 05:30:00,565.3,567.3,563.3,564.4,1473.026,570.245,572.357,0.004340160398414015,0.005164737310774603,sell,sell
2025-08-01 06:00:00,564.5,565.4,562.2,562.9,1090.582,569.7,572.313,0.0042042532265488,0.0014232342999465075,sell,sell
2025-08-01 06:30:00,563.0,567.0,563.0,565.4,1195.768,569.2625,572.319,0.00413770202791545,0.005513071314245055,sell,sell
2025-08-01 07:00:00,565.4,565.9,561.4,561.5,1134.006,568.725,572.265,0.004234881646816242,-0.0016002844950212536,sell,sell
2025-08-01 07:30:00,561.5,562.0,557.2,559.1,988.364,568.1175,572.2040000000001,0.004264285774024565,-0.001607142857142807,sell,sell
2025-08-01 08:00:00,559.0,559.0,552.6,555.8,2046.757,567.4575000000001,572.082,0.0042662059329502365,-0.011735419630156563,sell,sell
2025-08-01 08:30:00,555.8,558.8,552.8,554.0,1173.695,566.7950000000001,571.948,0.004252941914050944,-0.017556304309274684,sell,sell
2025-08-01 09:00:00,553.9,559.3,553.6,556.9,1074.735,566.2325,571.822,0.004325412174862551,-0.025546806649168863,sell,sell
2025-08-01 09:30:00,556.9,557.9,553.5,553.5,916.591,565.625,571.692,0.004385667145963043,-0.02962833099579243,sell,sell
2025-08-01 10:00:00,553.5,556.2,553.4,555.1,355.014,565.115,571.573,0.004418574965400561,-0.023399014778325067,sell,sell
2025-08-01 10:30:00,555.1,555.2,552.6,552.8,1081.167,564.635,571.424,0.004431517357062162,-0.025559668605676045,sell,sell
2025-08-01 11:00:00,552.8,553.2,548.8,552.9,1598.606,564.1,571.293,0.004431574336890842,-0.021762208067940714,hold,hold
2025-08-01 11:30:00,552.9,558.7,552.8,558.4,503.414,563.7,571.246,0.004703979908795899,-0.010630758327427325,sell,sell
2025-08-01 12:00:00,558.3,560.2,556.9,557.7,602.741,563.24,571.161,0.004701208899571275,-0.009237875288683473,sell,sell
2025-08-01 12:30:00,557.6,561.4,555.5,557.8,1254.619,562.8025,571.095,0.004693935682449639,-0.01344181110718079,sell,sell
2025-08-01 13:00:00,557.8,558.8,554.6,555.0,1598.84,562.37,571.018,0.004730687154977405,-0.011576135351736405,sell,sell
2025-08-01 13:30:00,555.0,560.1,546.6,550.1,6679.834,561.8824999999999,570.8979999999999,0.004861153057903712,-0.01609729923090686,hold,hold
2025-08-01 14:00:00,550.0,559.9,547.4,558.6,1806.438,561.5875,570.822,0.005389114683087251,0.005037783375315019,sell,sell
2025-08-01 14:30:00,558.7,560.4,555.0,555.3,742.366,561.22,570.7280000000001,0.005385409860079999,0.0023465703971117247,sell,sell
2025-08-01 15:00:00,555.3,556.0,548.8,549.8,603.836,560.825,570.582,0.005504781780969114,-0.012749147064104904,sell,sell
2025-08-01 15:30:00,549.9,552.8,549.6,552.6,311.239,560.5450000000001,570.4490000000001,0.0055704586222015025,-0.001626016260162566,sell,sell
2025-08-01 16:00:00,552.5,556.9,552.0,555.7,577.289,560.3625,570.307,0.005621322770776731,0.0010808863267879332,sell,sell
2025-08-01 16:30:00,555.6,555.6,547.3,549.3,1180.868,559.985,570.096,0.005832493793748784,-0.006331403762662835,sell,sell
2025-08-01 17:00:00,549.4,549.4,546.6,548.7,968.652,559.5474999999999,569.885,0.005798558581477376,-0.007596310363537584,hold,hold
2025-08-01 17:30:00,548.8,551.6,542.5,544.0,2474.19,558.8575,569.632,0.005879059597059148,-0.025787965616045794,sell,sell
2025-08-01 18:00:00,544.0,545.1,538.7,543.5,1129.396,558.3149999999999,569.406,0.005868896121385716,-0.025461717769410197,sell,sell
2025-08-01 18:30:00,543.4,544.7,539.4,540.9,759.517,557.7825,569.134,0.00589416441306898,-0.03029759770527063,sell,sell
2025-08-01 19:30:00,538.4,543.0,538.0,539.9,1124.631,556.65,568.496,0.005847944098511183,-0.01854208325758966,sell,sell
2025-08-01 20:00:00,539.9,540.7,533.0,536.4,1797.433,556.0074999999999,568.153,0.005903188868238331,-0.03974221267454359,hold,hold
2025-08-01 20:30:00,536.4,537.2,532.1,536.1,556.727,555.3525,567.884,0.0058813430383923915,-0.03457590491626139,hold,hold
2025-08-01 21:00:00,536.2,539.3,535.0,537.6,828.435,554.7325,567.646,0.005875605259549504,-0.02218988723172055,hold,hold
2025-08-01 21:30:00,537.7,541.9,537.4,540.5,560.327,554.245,567.4,0.005745577036846043,-0.02189648932319943,hold,hold
2025-08-01 23:00:00,532.2,537.4,530.8,536.1,367.206,551.8625,566.388,0.005868103808065532,-0.02296336796063425,sell,sell
2025-08-01 23:30:00,536.0,536.3,533.9,536.2,752.575,551.0074999999999,566.081,0.005870329353090493,-0.014338235294117596,sell,sell
2025-08-02 00:00:00,536.2,541.5,534.3,540.0,891.011,550.2975,565.808,0.00597750548521418,-0.0064397424103035394,sell,sell
2025-08-02 00:30:00,539.9,542.2,538.6,542.2,637.481,549.6700000000001,565.554,0.006017000834465261,0.0024034017378444794,sell,sell
2025-08-02 01:30:00,540.2,540.6,538.0,539.5,351.332,548.4224999999999,564.5409999999999,0.006009395472209279,-0.0007408779403592636,hold,hold
2025-08-02 02:00:00,539.5,541.1,538.5,540.2,413.656,547.855,563.9830000000001,0.005971380709422735,0.0070842654735272514,hold,hold
2025-08-02 02:30:00,540.2,541.1,539.8,541.1,132.524,547.2475000000001,563.4830000000001,0.00596067631555397,0.009326618168252088,hold,hold
2025-08-02 04:00:00,540.0,542.0,539.6,541.9,159.092,545.935,562.171,0.00562872294643728,0.014604006740310815,hold,hold
2025-08-02 04:30:00,541.8,544.0,540.4,541.2,678.819,545.615,561.734,0.005627162210236335,0.016719894796167756,hold,hold
2025-08-02 05:30:00,540.3,543.0,539.1,542.9,2174.723,544.9350000000001,560.886,0.005673760860485427,0.012495337560611608,hold,hold
2025-08-02 06:00:00,543.0,544.3,537.9,538.6,2171.51,544.5224999999999,560.435,0.005760742250112715,-0.002592592592592591,hold,hold
2025-08-02 06:30:00,538.6,540.0,535.4,539.3,775.543,544.185,559.985,0.005716411265038906,-0.0053485798598305045,hold,hold
2025-08-02 07:30:00,541.3,542.1,539.9,541.4,168.96,543.47,559.142,0.00566477820071242,0.0035217794253938894,hold,hold
