timestamp,sma_short,sma_long,volatility,momentum,action
2025-07-15 08:00:00,,,,,buy
2025-07-15 09:00:00,,,,,buy
2025-07-15 09:30:00,,,,,buy
2025-07-15 10:30:00,,,,,buy
2025-07-15 11:00:00,,,,,buy
2025-07-15 11:30:00,,,,,hold
2025-07-15 12:00:00,,,,,buy
2025-07-15 13:30:00,,,,,hold
2025-07-15 15:00:00,,,,-0.005736529399713142,buy
2025-07-15 15:30:00,,,,0.004116920543433489,hold
2025-07-15 16:00:00,,,,0.0002052545155994956,buy
2025-07-15 16:30:00,,,,0.0028712059064806006,hold
2025-07-15 17:00:00,,,,0.013780337309749147,hold
2025-07-15 18:00:00,,,,0.009439770162117611,hold
2025-07-15 18:30:00,,,,0.001838610827374909,hold
2025-07-15 19:30:00,,,,-0.004898958971218614,buy
2025-07-15 21:30:00,,,,0.010250102501025093,buy
2025-07-15 22:00:00,,,,0.010876256925918426,buy
2025-07-16 00:00:00,,,,0.012400894490750103,hold
2025-07-16 00:30:00,,,,0.023654159869494373,hold
2025-07-16 01:00:00,,,,0.022195072286703255,hold
2025-07-16 01:30:00,,,,0.03610256410256407,hold
2025-07-16 02:00:00,,,,0.02353663528448635,hold
2025-07-16 03:30:00,491.66,,,0.008522727272727293,hold
2025-07-16 04:00:00,491.9525,,,0.010353227771010998,hold
2025-07-16 04:30:00,492.225,,,0.006480356419602984,hold
2025-07-16 05:00:00,492.445,,,0.0004026575397624299,hold
2025-07-16 07:30:00,493.8375,,,-0.011482874678281574,hold
2025-07-16 08:00:00,494.10749999999996,,0.004334740501792184,-0.003999200159968019,hold
2025-07-16 09:00:00,494.64250000000004,,0.00438520007002684,0.01106639839034207,hold
2025-07-16 10:30:00,495.56000000000006,,0.004375369314015431,0.005432595573440668,hold
2025-07-16 11:00:00,495.9425,,0.0043502153619089205,0.007446166230629991,hold
2025-07-16 11:30:00,496.24750000000006,,0.004285262654734364,0.0036130068245685543,hold
2025-07-16 12:00:00,496.57249999999993,,0.004241408759312904,0.008059641345960156,hold
2025-07-16 13:30:00,496.94750000000005,,0.004237533388820476,-0.005007009813739249,hold
2025-07-16 15:00:00,497.37999999999994,,0.004112458819378905,-0.01134328358208958,hold
2025-07-16 15:30:00,497.5775,,0.004081276511793728,-0.009596161535385894,hold
2025-07-16 20:00:00,499.4075000000001,,0.003988106520224114,0.022630834512022746,sell
2025-07-16 20:30:00,499.45,,0.004058612830488869,0.009418837675350789,hold
2025-07-16 21:00:00,499.61500000000007,,0.004233876267500709,0.02375201288244777,hold
2025-07-16 21:30:00,499.64250000000004,,0.004252961244800749,0.02180056519983853,hold
2025-07-16 22:30:00,499.8075,,0.00442470483350823,0.003004205888243572,hold
2025-07-16 23:00:00,499.87999999999994,,0.004357255180167923,-0.00099920063948844,hold
2025-07-17 00:30:00,500.0675,,0.0043699726145818175,-0.004987033712347877,buy
2025-07-17 01:00:00,500.05,,0.004431165736114979,-0.008591408591408611,buy
2025-07-17 01:30:00,499.9025,,0.004462294785322744,-0.016580103875349583,buy
2025-07-17 03:00:00,499.505,,0.004434052364764433,-0.03696421549351159,buy
2025-07-17 03:30:00,499.3125,,0.004470818144960867,-0.028842354800474035,buy
2025-07-17 04:00:00,499.18,,0.004481281282584569,-0.023191278493557954,buy
2025-07-17 04:30:00,499.025,,0.00448220910873718,-0.014776357827476105,buy
2025-07-17 06:30:00,498.5575,,0.004467729486904939,-0.00200481154771448,buy
2025-07-17 07:00:00,498.37,,0.0046589747958228015,-0.006247480854494114,buy
2025-07-17 07:30:00,498.2625,,0.004726792149883817,0.0069063579118422425,buy
2025-07-17 08:30:00,498.08000000000004,,0.004703428584268328,0.003034594375885158,buy
2025-07-17 09:00:00,498.2125,,0.005066390817926876,0.02654144548795423,hold
2025-07-17 11:00:00,498.34250000000003,496.0710000000001,0.005198796459298262,0.005065856129685908,buy
2025-07-17 11:30:00,498.355,496.17199999999997,0.005196627908926541,0.0014135702746365109,buy
2025-07-17 12:00:00,498.24749999999995,496.24600000000004,0.005207417442385549,-0.005629272215520564,buy
2025-07-17 12:30:00,498.21750000000003,496.351,0.005263322959009134,0.0006026516673363069,buy
2025-07-17 14:00:00,497.73249999999996,496.58299999999997,0.005325774311492616,0.0022222222222223476,buy
2025-07-17 15:30:00,497.2875,496.723,0.0052139158702004884,-0.013739545997610514,buy
2025-07-17 16:00:00,496.98249999999996,496.76599999999996,0.005123803199082527,-0.007435691318328108,buy
2025-07-17 20:30:00,495.23,497.25699999999995,0.005131734149083023,-0.006856221012300767,buy
2025-07-17 21:00:00,495.25,497.316,0.0051074343863608115,0.007296311309282544,buy
2025-07-17 21:30:00,495.3675,497.411,0.0050691391396733496,0.003432263274782965,buy
2025-07-17 22:30:00,495.7125,497.666,0.005076787502864799,0.015393963945716127,buy
2025-07-17 23:00:00,496.08000000000004,497.80899999999997,0.0051507997670169675,0.019397858153162195,buy
2025-07-18 01:00:00,497.42750000000007,498.302,0.005437908565153714,0.03041901692183724,hold
2025-07-18 01:30:00,497.875,498.454,0.005301742094529677,0.04479739360619028,hold
2025-07-18 02:00:00,498.175,498.56800000000004,0.0054114024342869615,0.03810882412879568,hold
2025-07-18 02:30:00,498.445,498.634,0.0054208080746307435,0.03269035532994935,hold
2025-07-18 03:00:00,498.89250000000004,498.724,0.00525859504374485,0.028169014084507005,hold
2025-07-18 04:00:00,499.78249999999997,498.935,0.005254185134805551,0.024955080854462075,hold
2025-07-18 04:30:00,500.46999999999997,499.18199999999996,0.005888569753185262,0.04388589666866127,hold
2025-07-18 05:00:00,501.21500000000003,499.53799999999995,0.0063504263346395315,0.05569871159563933,sell
2025-07-18 05:30:00,502.01500000000004,499.91,0.006348034733765873,0.06840000000000002,sell
2025-07-18 06:00:00,502.90999999999997,500.26700000000005,0.0063493452597483775,0.05623762376237629,sell
2025-07-18 06:30:00,503.9425,500.67900000000003,0.006440400891716125,0.05799095734224502,sell
2025-07-18 07:00:00,504.83000000000004,501.025,0.006564011322677293,0.03910068426197455,sell
2025-07-18 07:30:00,505.55249999999995,501.29100000000005,0.006851244294506039,0.022802572597933946,sell
2025-07-18 08:00:00,506.4625,501.63800000000003,0.007007638219270506,0.042402826855123754,sell
2025-07-18 08:30:00,507.23999999999995,501.94599999999997,0.00704284727215846,0.040503342508847906,sell
2025-07-18 09:00:00,508.0475,502.22399999999993,0.006824661782462355,0.03170254403131123,sell
2025-07-18 09:30:00,508.9725,502.54900000000004,0.006906187938783229,0.03684928836030421,sell
2025-07-18 10:00:00,509.8825,502.89300000000003,0.006734684060676127,0.037202960654460604,sell
2025-07-18 10:30:00,510.7975,503.222,0.006725106946412565,0.017580737626600618,sell
2025-07-18 11:00:00,511.65749999999997,503.475,0.0068724227055908796,-0.009012392039053796,sell
2025-07-18 11:30:00,512.565,503.789,0.006920452681109216,-0.004867090977162203,sell
2025-07-18 12:00:00,513.545,504.11800000000005,0.006896491729755839,-0.0005624296962878361,sell
2025-07-18 12:30:00,514.5325,504.453,0.006851337568823418,-0.00929022668153101,sell
2025-07-18 13:00:00,515.3475000000001,504.722,0.006981973770099763,-0.007525870178739402,sell
2025-07-18 13:30:00,516.04,504.98,0.00700985261266147,0.001905487804878092,sell
2025-07-18 14:00:00,516.5400000000001,505.15399999999994,0.00740856294695479,-0.02504708097928432,sell
2025-07-18 15:00:00,517.4649999999999,505.51200000000006,0.007508805161554972,-0.026745068285280782,hold
2025-07-18 15:30:00,518.01,505.67299999999994,0.00749760815367149,-0.03553967657013912,hold
2025-07-18 16:00:00,518.645,505.885,0.007519612823189097,-0.03079812206572763,hold
2025-07-18 16:30:00,519.2425000000001,506.05899999999997,0.007517195383680958,-0.030234741784037622,hold
2025-07-18 17:00:00,519.79,506.28,0.007535228419419848,-0.016862447896930588,hold
2025-07-18 18:00:00,520.6424999999999,506.657,0.007545658464299082,-0.033764772087788386,hold
2025-07-18 18:30:00,520.9175,506.78700000000003,0.007597674074556949,-0.0391972993248314,hold
2025-07-18 19:30:00,521.55,507.05899999999997,0.007464516973384796,-0.022251806770635096,hold
2025-07-18 20:00:00,521.625,507.11299999999994,0.007688151922301073,-0.018736720108170846,buy
2025-07-18 21:00:00,521.7149999999999,507.333,0.007631124612167158,0.00019489378288839454,hold
2025-07-18 22:30:00,521.98,507.64599999999996,0.007638064651157017,-0.007164988381099802,hold
2025-07-18 23:00:00,522.0175,507.685,0.0075894164044862525,-0.012333783002505205,hold
2025-07-19 00:00:00,522.1175000000001,507.881,0.0073583240427594525,0.0013589594253542447,hold
2025-07-19 01:30:00,520.785,508.255,0.007437242979966314,-0.0036957790313167926,buy
2025-07-19 02:00:00,520.235,508.352,0.007365205806824883,0.006692913385826671,buy
2025-07-19 02:30:00,519.6375,508.50699999999995,0.007404147204019079,0.007246376811594013,buy
2025-07-19 03:00:00,519.21,508.689,0.007374904907927776,0.002338269680436378,buy
2025-07-19 04:00:00,518.62,509.147,0.007381503810233509,0.002908667830133771,hold
2025-07-19 04:30:00,518.3175,509.375,0.006823279374916471,0.00858201677394188,hold
2025-07-19 05:30:00,517.6075,509.867,0.0062844882767752125,0.0019436345966958868,buy
2025-07-19 06:00:00,517.14,510.077,0.006294574375976491,-0.003877471888328765,buy
2025-07-19 06:30:00,516.6875,510.287,0.006135731097119582,0.007047768206734473,buy
2025-07-19 07:00:00,516.325,510.485,0.005899587898477543,-0.000973141300116831,buy
2025-07-19 07:30:00,515.78,510.631,0.005707276705645766,-0.004685669660289049,buy
2025-07-19 08:00:00,515.1725,510.745,0.005408926593959302,-0.005084082909659671,buy
2025-07-19 08:30:00,514.6099999999999,510.874,0.0054361245847509825,-0.006999805560956585,buy
2025-07-19 09:00:00,514.1775,511.045,0.005417660951958904,-0.008164852255054367,buy
2025-07-19 10:00:00,513.58,511.334,0.005239180974977043,-0.015661252900232014,buy
2025-07-19 10:30:00,513.355,511.466,0.005238521934870225,-0.01566428157029598,buy
2025-07-19 11:00:00,513.26,511.531,0.0051111505822665606,-0.011259949524364266,buy
2025-07-19 11:30:00,513.0899999999999,511.57,0.005036009105273491,-0.018234723569350075,buy
2025-07-19 12:30:00,512.5649999999999,511.74,0.005055049985284278,-0.01496889580093308,buy
2025-07-19 14:30:00,511.41999999999996,512.068,0.004400464925447509,-0.014098296455844928,buy
2025-07-19 15:30:00,510.9025,512.2620000000001,0.004248984529133373,-0.012928501469147924,buy
2025-07-19 16:00:00,510.8349999999999,512.354,0.004163123226807862,-0.007464152425849524,buy
2025-07-19 16:30:00,510.71000000000004,512.451,0.004163187951169524,-0.0066797642436149385,buy
2025-07-19 17:30:00,510.26750000000004,512.6519999999999,0.004066357943631974,-0.003951788184153315,buy
2025-07-19 18:00:00,510.03249999999997,512.7760000000001,0.0041020579627051865,0.0029714738510300265,buy
2025-07-19 20:00:00,509.87749999999994,513.425,0.0040626725738412105,0.029043166898746753,buy
2025-07-19 21:00:00,509.94000000000005,513.755,0.004067727052664326,0.014053840063341205,buy
2025-07-19 21:30:00,509.99000000000007,513.986,0.004103295954290017,0.020440563603889794,buy
2025-07-19 23:30:00,509.91999999999996,514.737,0.003925193738538832,0.017853600476096076,buy
2025-07-20 00:00:00,509.785,514.846,0.0039224911909019914,0.01086312462966621,buy
2025-07-20 00:30:00,509.87,515.038,0.004403925446602464,0.029673590504450953,buy
2025-07-20 01:00:00,510.01500000000004,515.202,0.004329996008433672,0.018377321603127994,buy
2025-07-20 01:30:00,510.195,515.429,0.004323768413985676,0.014951456310679623,buy
2025-07-20 02:00:00,510.36500000000007,515.585,0.0043622200003537595,0.006379277015271745,buy
2025-07-20 02:30:00,510.5975,515.735,0.004369732626133841,0.01728826728826749,buy
2025-07-20 03:00:00,510.82250000000005,515.843,0.00439196508708072,0.019519812609798848,buy
2025-07-20 03:30:00,511.1375,515.936,0.004390254453816429,0.015947102294826765,buy
2025-07-20 04:00:00,511.4875,516.07,0.004351878146546121,0.018507695304889937,buy
2025-07-20 05:00:00,512.2825,516.401,0.0048391908929034146,0.02145085803432134,hold
2025-07-20 05:30:00,512.645,516.5219999999999,0.0048468922636249745,0.023192360163710735,hold
2025-07-20 06:30:00,513.4075,516.641,0.004823645436483246,0.007492795389048901,buy
2025-07-20 07:00:00,513.8199999999999,516.573,0.004819466110634749,0.009406795930120948,buy
2025-07-20 08:30:00,515.405,516.325,0.00469807232905076,0.009356501814015594,hold
2025-07-20 09:30:00,516.4175,516.279,0.0047773086886217135,0.006891271056661541,hold
2025-07-20 10:00:00,517.0375,516.2439999999999,0.004761384685650088,0.008990053557766053,hold
2025-07-20 11:00:00,518.1375,516.207,0.004781892304280799,0.004009163802978222,buy
2025-07-20 12:30:00,520.29,516.248,0.00511810961615892,0.024790236460717097,hold
2025-07-20 13:00:00,521.24,516.3969999999999,0.005246305334709841,0.03214149866869542,hold
2025-07-20 13:30:00,522.2675,516.5329999999999,0.005254402185632645,0.03808073115003818,hold
2025-07-20 14:00:00,523.3225,516.687,0.005191392662415841,0.04040212443095581,hold
2025-07-20 14:30:00,524.3824999999999,516.8340000000001,0.00520847370336144,0.03651153991676126,sell
2025-07-20 15:00:00,525.3375,517.056,0.0052078945080169395,0.04565341449495919,sell
2025-07-20 15:30:00,526.2375,517.308,0.0051688295672238935,0.04752851711026618,sell
2025-07-20 16:00:00,527.0675,517.6360000000001,0.005182504417792232,0.04360189573459716,sell
2025-07-20 16:30:00,527.9549999999999,517.9590000000001,0.005189078956822275,0.044608959757023614,sell
2025-07-20 17:00:00,528.955,518.351,0.005168861890831413,0.05019965772960644,sell
2025-07-20 17:30:00,529.8475,518.721,0.005228634156189209,0.03345235857921436,sell
2025-07-20 18:00:00,530.78,519.066,0.005215735857272854,0.03613097478359051,sell
2025-07-20 18:30:00,531.73,519.413,0.005194130402094731,0.02549311499813922,sell
2025-07-20 19:00:00,532.6525,519.721,0.005013892655639877,0.012898470609913337,sell
2025-07-20 19:30:00,533.5425,520.039,0.004973739104835252,0.006419662509171031,sell
2025-07-20 20:00:00,534.425,520.359,0.004988922234851616,-0.0025524156791248975,sell
2025-07-20 20:30:00,535.085,520.705,0.00491550235798757,-0.001825150574922385,sell
2025-07-20 21:00:00,535.685,520.9970000000001,0.004886649783437355,-0.008732035655812376,sell
2025-07-20 21:30:00,536.26,521.313,0.004873813125978639,-0.009618874773139718,sell
2025-07-20 22:00:00,536.845,521.673,0.004895630588636417,-0.01180744777475018,sell
2025-07-20 22:30:00,537.49,522.062,0.00505407649147581,-0.0014537524986369954,sell
2025-07-20 23:00:00,538.1175000000001,522.404,0.005103043508369026,-0.008871989860583018,sell
2025-07-20 23:30:00,538.7575,522.751,0.005101895550906236,-0.0034551736679395706,sell
2025-07-21 00:00:00,539.2175,523.006,0.0054504551480850155,-0.0170722847802397,sell
2025-07-21 00:30:00,539.5425,523.298,0.004926810088472732,-0.01669388495735813,sell
2025-07-21 01:00:00,539.82,523.522,0.0053126356130113045,-0.026923776605421224,sell
2025-07-21 02:00:00,540.17,523.851,0.005420992055313539,-0.026503381465911136,hold
2025-07-21 02:30:00,540.4024999999999,524.08,0.005366353992631768,-0.02413603949533727,sell
2025-07-21 03:00:00,540.6225000000001,524.288,0.0053499578823479445,-0.018902550926775508,sell
2025-07-21 03:30:00,540.8599999999999,524.5129999999999,0.005349963308928461,-0.020157595748579782,sell
2025-07-21 04:00:00,540.9475,524.706,0.005472228344857135,-0.024448529411764675,hold
2025-07-21 05:00:00,540.8625,524.928,0.005224539146156294,-0.040007307270734316,hold
2025-07-21 06:00:00,540.9425,525.173,0.0053202761128438286,-0.020140428677014155,hold
2025-07-21 06:30:00,541.0725,525.322,0.005337295394181238,-0.01826905333087281,hold
2025-07-21 08:00:00,541.185,525.817,0.0054589854142779405,-0.007885843034172058,sell
2025-07-21 08:30:00,540.9350000000001,525.947,0.005452477297326176,-0.01180438448566623,hold
2025-07-21 09:00:00,540.5899999999999,526.103,0.005407595742584354,-0.010662177328844114,hold
2025-07-21 09:30:00,540.2524999999999,526.322,0.00545832301900312,-0.0056106227791284935,hold
2025-07-21 10:00:00,539.7625,526.5229999999999,0.005501246606100113,-0.0033917467495762077,hold
2025-07-21 10:30:00,539.2425000000001,526.687,0.005520593991596458,0.003235629996193534,hold
2025-07-21 12:00:00,537.8225,527.333,0.005941776971817728,0.0005657175183859664,hold
2025-07-21 13:00:00,536.7574999999999,527.75,0.005534372140640293,-0.010106681639528325,hold
2025-07-21 13:30:00,536.315,528.011,0.005571454918929045,0.0018825301204818956,sell
2025-07-21 14:00:00,535.895,528.3009999999999,0.005512404920974055,0.010219530658591935,sell
2025-07-21 14:30:00,535.345,528.525,0.005639457622717801,0.0032233598786499673,hold
2025-07-21 17:00:00,532.6475,529.593,0.005586478804429138,-0.01962616822429908,hold
2025-07-21 18:00:00,531.7875,530.054,0.005644628788375193,-0.003769317753486656,hold
2025-07-21 18:30:00,531.12,530.2260000000001,0.00582424942738614,-0.015627942007155116,hold
2025-07-21 19:00:00,530.435,530.379,0.005853362282188809,-0.01682737757610131,hold
2025-07-21 20:00:00,529.2325000000001,530.686,0.005893203487902098,-0.022855001873360647,hold
2025-07-21 20:30:00,528.64,530.813,0.005946300513113898,-0.020601020601020537,hold
2025-07-21 21:00:00,528.2974999999999,530.91,0.006015953035865124,-0.012691797688956119,hold
2025-07-21 22:00:00,527.8100000000001,531.024,0.0060334055854440625,-0.004000762049914286,hold
2025-07-21 22:30:00,527.53,531.101,0.005815092563685952,-0.0038131553860819567,hold
2025-07-21 23:00:00,527.2349999999999,531.206,0.0058048381459291955,-0.003241182078169813,hold
2025-07-22 00:00:00,526.7675,531.398,0.005571447304513217,-0.008513053348467636,hold
2025-07-22 01:00:00,526.47,531.529,0.005367517598087409,-0.0024999999999999467,hold
2025-07-22 01:30:00,526.3900000000001,531.63,0.005418333976198965,0.0071222329162656806,hold
2025-07-22 02:30:00,525.9,531.734,0.005561369741859803,0.0009648784253184495,buy
2025-07-22 03:30:00,525.2025,531.674,0.005559013904257759,-0.003263582261470388,buy
2025-07-22 04:00:00,524.9100000000001,531.635,0.005501806030400896,-0.011667941851568275,buy
2025-07-22 04:30:00,524.515,531.514,0.005497575694478531,-0.02086124401913869,buy
2025-07-22 05:00:00,524.25,531.474,0.005839023698053158,-0.00860749808722261,buy
2025-07-22 06:00:00,523.665,531.394,0.005755424514660357,-0.008586147681740153,buy
2025-07-22 06:30:00,523.485,531.304,0.005732766804460536,-0.0007687872381317851,hold
2025-07-22 07:30:00,522.9875,531.255,0.005746931656485744,-0.004587155963302947,hold
2025-07-22 09:00:00,521.9849999999999,531.016,0.006257438049014982,-0.00019290123456794372,hold
2025-07-22 10:30:00,521.1925,530.84,0.00618977899106106,0.01915559030492564,buy
2025-07-22 12:30:00,520.6075,530.595,0.005525459923133281,-0.0015387574533562987,hold
2025-07-22 13:30:00,520.1899999999999,530.36,0.0056137189114311556,-0.012096774193548265,hold
2025-07-22 14:30:00,519.86,530.054,0.005646268882480164,0.004239737907111296,hold
2025-07-22 15:00:00,519.8525000000001,529.8240000000001,0.005649692895995287,0.00270113833687069,hold
2025-07-22 17:00:00,519.73,528.6669999999999,0.005607993422883204,-0.004033807145601309,hold
2025-07-22 17:30:00,519.7075,528.357,0.005589289436815261,-0.0024937655860348684,hold
2025-07-22 18:30:00,519.6075,527.7620000000001,0.005337638014130663,0.0030822577538047735,hold
2025-07-22 19:00:00,519.5425,527.441,0.005282442724546397,0.00038461538461542766,hold
2025-07-22 19:30:00,519.345,527.0889999999999,0.005498259874369581,0.00038872691933922177,hold
2025-07-22 21:00:00,519.1175000000001,526.115,0.0053759423997403535,-0.000769674812391985,sell
2025-07-22 21:30:00,519.26,525.9169999999999,0.006004506406383029,0.01907514450867054,sell
2025-07-22 22:00:00,519.255,525.684,0.006153098339822363,0.009054132151800953,hold
2025-07-22 22:30:00,519.3525,525.441,0.0061618371969945195,0.006936416184971206,hold
2025-07-22 23:00:00,519.5350000000001,525.2489999999999,0.006220291009969366,0.013886210221793815,hold
2025-07-22 23:30:00,519.7075,525.053,0.00622045949800601,0.011730769230769322,hold
2025-07-23 00:00:00,519.8675000000001,524.844,0.006263843572475745,0.004802151363811014,hold
2025-07-23 04:00:00,521.285,523.5920000000001,0.005861121085272041,0.0074455899198169195,sell
2025-07-23 04:30:00,521.5350000000001,523.544,0.005664717303388133,0.012055109070034264,sell
2025-07-23 05:00:00,521.7850000000001,523.481,0.005367187172177377,0.004945786570287103,sell
2025-07-23 05:30:00,521.9825,523.419,0.005360902503483096,0.004561870366850407,sell
2025-07-23 06:00:00,522.125,523.3829999999999,0.005355031254815822,0.007646721468170581,sell
2025-07-23 06:30:00,522.2125,523.378,0.005393803533780698,0.003632887189292555,sell
2025-07-23 07:00:00,522.36,523.388,0.005339356252855155,0.006115039174469761,sell
2025-07-23 07:30:00,522.4925,523.39,0.00529714742713564,0.006113870844478564,sell
2025-07-23 08:00:00,522.6825,523.3679999999999,0.004848564572297145,0.006288109756097615,sell
2025-07-23 08:30:00,522.8975,523.325,0.0046073662422100635,0.004377617053673566,sell
2025-07-23 09:00:00,522.985,523.2170000000001,0.004757216152698874,-0.00758293838862556,sell
2025-07-23 09:30:00,523.265,523.1619999999999,0.004752899493912869,-0.00019018638265477783,hold
2025-07-23 10:00:00,523.5,523.1429999999999,0.004752811719536817,-0.0022740193291643784,hold
2025-07-23 10:30:00,523.665,523.1460000000001,0.004762006190471575,-0.0022688598979011543,hold
2025-07-23 11:00:00,523.8425,523.125,0.004763443482235049,-0.0028392958546280544,hold
2025-07-23 11:30:00,524.075,523.091,0.004775661597430432,-0.00037842951750244325,hold
2025-07-23 12:30:00,524.1675,522.949,0.00532137894374529,-0.015050485806820335,hold
2025-07-23 14:30:00,523.5575,522.2479999999999,0.006158593374743782,-0.025772219063862067,hold
2025-07-23 15:00:00,523.3375,522.073,0.006191116611833193,-0.023113658070678222,hold
2025-07-23 17:30:00,522.0575000000001,521.031,0.006592952032478027,-0.03861442362294143,hold
2025-07-23 18:00:00,521.7275,520.888,0.006641939286939875,-0.02705792682926822,hold
2025-07-23 18:30:00,521.5225,520.787,0.006737036813135301,-0.005029013539651905,hold
2025-07-23 19:00:00,521.2325,520.683,0.006736388560569836,-0.011916202191043501,hold
2025-07-23 23:00:00,518.115,519.616,0.006215895357472491,0.016653449643140306,hold
2025-07-23 23:30:00,517.775,519.529,0.006213819719196093,0.00846623351053366,hold
2025-07-24 00:00:00,517.4525000000001,519.4490000000001,0.006218000027947011,0.008225616921268886,hold
2025-07-24 01:00:00,516.9375,519.362,0.006317157603935337,0.007586072748492434,hold
2025-07-24 01:30:00,516.7825,519.359,0.0064349908630913855,0.022713922067750136,hold
2025-07-24 02:30:00,516.48,519.314,0.006453592928718794,0.024481737413622806,hold
2025-07-24 03:30:00,516.0325,519.2470000000001,0.006548954748038235,0.013176007866273487,hold
2025-07-24 04:00:00,515.615,519.1210000000001,0.006597457294554685,0.00019557989438689916,hold
2025-07-24 06:00:00,513.1925,518.456,0.007149593426831316,-0.02505827505827507,buy
2025-07-24 07:00:00,511.69500000000005,518.1030000000001,0.007581352585819498,-0.03474903474903479,buy
2025-07-24 07:30:00,511.075,517.962,0.007668218126677264,-0.03599463909630474,buy
2025-07-24 09:00:00,509.80249999999995,517.448,0.007756689142369462,-0.02653846153846151,buy
2025-07-24 09:30:00,510.01000000000005,517.406,0.008313797252704579,0.0027173913043476716,buy
2025-07-24 10:00:00,510.2225,517.485,0.008416435495843711,0.019163081736409904,buy
2025-07-24 10:30:00,510.45250000000004,517.529,0.0084310745330324,0.03337282780410744,buy
2025-07-24 11:00:00,510.66999999999996,517.547,0.008472421869793497,0.036881977671451294,buy
2025-07-24 11:30:00,510.7900000000001,517.54,0.00846026703149908,0.046919049536850554,buy
2025-07-24 13:30:00,511.995,517.4879999999999,0.007356566786956714,0.028798411122145096,buy
2025-07-24 14:00:00,512.1850000000001,517.465,0.007255726892500671,0.035571542765787445,buy
2025-07-24 15:00:00,512.7075,517.568,0.007448479798169485,0.03575661793757412,hold
2025-07-24 15:30:00,512.9825,517.64,0.007423400275831526,0.009872241579558683,buy
2025-07-24 16:00:00,513.22,517.631,0.007533139041286853,-0.009593246354566376,buy
2025-07-24 17:00:00,513.845,517.568,0.007389467217061541,-0.0024995193232072443,buy
2025-07-24 17:30:00,514.1324999999999,517.578,0.0073351792254030415,0.0001923446816696206,buy
2025-07-24 20:00:00,514.7674999999999,517.495,0.0071115889961654525,-0.003666538016210086,buy
2025-07-24 20:30:00,514.765,517.473,0.007132020199661254,-0.012569034469624873,buy
2025-07-24 21:00:00,514.6875,517.42,0.007132751128958206,-0.017928666793820325,buy
2025-07-24 22:00:00,514.3375,517.398,0.006926294726309699,-0.0036807438977142226,buy
2025-07-24 22:30:00,514.2325,517.366,0.006920665437040413,-0.0019391118867558843,buy
2025-07-25 00:30:00,514.1474999999999,516.9159999999999,0.0069316157456232146,-0.011168881186212176,buy
2025-07-25 01:00:00,514.395,516.774,0.006951043466196136,-0.011785162287480722,buy
2025-07-25 02:00:00,515.705,516.7909999999999,0.007874774262808892,0.018206469107108436,buy
2025-07-25 02:30:00,516.4,516.785,0.007907170179390419,0.007521697203471511,buy
2025-07-25 03:00:00,516.895,516.75,0.007936241694527843,0.009516410953583243,buy
2025-07-25 04:00:00,517.6850000000001,516.6229999999999,0.0077860558925192565,0.007972000777756172,buy
2025-07-25 04:30:00,518.2325,516.6339999999999,0.00794727407972787,0.022925976296871875,buy
2025-07-25 05:00:00,518.71,516.612,0.007815187897175712,0.028789659224441655,buy
2025-07-25 05:30:00,518.855,516.578,0.007708113305645805,0.01832358674463941,buy
2025-07-25 06:00:00,518.935,516.545,0.0075893680416485795,0.023219512195121972,buy
2025-07-25 07:00:00,518.9975000000001,516.432,0.0071334808827875455,0.02346041055718473,buy
2025-07-25 10:30:00,522.4075,517.3290000000001,0.008376697393833293,0.06039886039886033,hold
2025-07-25 11:00:00,523.3,517.694,0.00830627364782237,0.0660574909575482,hold
2025-07-25 12:30:00,525.9224999999999,518.48,0.008536393907727539,0.05340735068912705,hold
2025-07-25 13:00:00,526.6274999999999,518.682,0.008595144907722603,0.04489016236867238,hold
2025-07-25 14:00:00,527.7299999999999,518.994,0.008767508018915364,0.015445469956677504,buy
2025-07-25 14:30:00,528.135,519.179,0.008637206429273394,0.016900873528294724,buy
2025-07-25 15:00:00,528.5925,519.335,0.008632413132428334,0.004686914135733078,buy
2025-07-25 15:30:00,529.065,519.596,0.008608990687230167,-0.018368846436443764,buy
2025-07-25 16:00:00,529.6275,519.857,0.008520967935062126,-0.03820064262763312,buy
2025-07-25 16:30:00,530.1725,520.119,0.008520408247211942,-0.032240730789897865,buy
2025-07-25 17:00:00,530.85,520.425,0.008494599558019608,-0.03214285714285714,buy
2025-07-25 17:30:00,531.5024999999999,520.685,0.008500361769069188,-0.02416591523895395,buy
2025-07-25 19:00:00,533.385,521.6,0.008509666651846758,-0.016819012797074984,buy
2025-07-25 19:30:00,534.0825000000001,521.93,0.008507657794867297,-0.007887013939838705,buy
2025-07-25 22:00:00,538.01,523.82,0.008642648176163451,0.02282850779510026,buy
2025-07-25 22:30:00,538.7625,524.28,0.008643358282340021,0.02258004812141401,buy
2025-07-25 23:00:00,539.6524999999999,524.804,0.008544887361441237,0.024723247232472323,hold
2025-07-26 01:30:00,543.85,527.008,0.0077723559237829806,0.029580329081160928,buy
2025-07-26 02:00:00,544.6675,527.431,0.007773312320749338,0.02295262578038937,buy
2025-07-26 05:30:00,549.12,529.937,0.007274569779341883,-0.006100843351875107,buy
2025-07-26 06:00:00,549.0,530.377,0.00726790232031171,-0.0017972681524083267,buy
2025-07-26 06:30:00,548.9150000000001,530.8620000000001,0.007237042311207432,0.0014437827107018908,buy
2025-07-26 08:00:00,548.7,532.457,0.007147841488523441,-0.005385029617662851,buy
2025-07-26 08:30:00,548.8275000000001,533.065,0.007025478175417081,-0.0026934817741066652,buy
2025-07-26 09:00:00,549.03,533.616,0.006810628091165589,0.0009015506671474771,buy
2025-07-26 10:00:00,549.65,534.668,0.004499882456655315,-0.0012596724851539065,buy
2025-07-26 11:00:00,550.6875,535.689,0.004488849168291674,0.005954529050884005,buy
2025-07-26 12:00:00,551.745,536.466,0.004280550594813943,0.0027007562117393746,buy
2025-07-26 12:30:00,552.13,536.79,0.004194129849076812,0.001441701207424817,buy
2025-07-26 13:00:00,552.505,537.159,0.004103171541017221,0.006141618497109702,buy
2025-07-26 13:30:00,552.9075,537.532,0.0040672537710265974,0.009603188983511535,buy
2025-07-26 15:00:00,554.2,538.5830000000001,0.0035769051605729586,0.0016213294901818998,buy
2025-07-26 15:30:00,554.5775,538.9630000000001,0.0035400478165076026,0.0034289839379173515,buy
2025-07-26 17:30:00,555.2875,540.298,0.003495233510878338,0.0005370569280342963,buy
2025-07-26 18:30:00,555.66,541.164,0.003442518170032496,0.008097894547417717,buy
2025-07-26 19:00:00,555.8,541.586,0.003435519548023281,0.007181328545780907,buy
2025-07-26 20:00:00,555.9675,542.3879999999999,0.003295231875582015,0.006479481641468832,buy
2025-07-26 20:30:00,556.0975000000001,542.788,0.0028037365866761667,0.007747747747747669,buy
2025-07-26 21:00:00,556.275,543.212,0.0026995590325708057,0.007194244604316502,buy
2025-07-26 21:30:00,556.3549999999999,543.6579999999999,0.0026845830715236997,0.00737410071942457,buy
2025-07-26 23:00:00,556.6125,544.95,0.0025713565400970616,0.007560756075607689,buy
2025-07-26 23:30:00,556.7175,545.391,0.0025317421614223295,0.0003578457684738634,buy
2025-07-27 00:00:00,556.8225,545.847,0.0025267696243732375,0.0028658427368799533,buy
2025-07-27 01:30:00,557.3950000000001,547.318,0.0034054723578693068,0.013720598717034793,buy
2025-07-27 03:00:00,558.4225,548.993,0.003365185620710623,0.01392857142857129,buy
2025-07-27 03:30:00,558.825,549.4209999999999,0.0033652418480219393,0.01410462417425462,buy
2025-07-27 05:30:00,560.1875,551.303,0.003436561464589507,0.01913790019674466,buy
2025-07-27 06:30:00,561.4425,552.46,0.004315030613672266,0.04184626436781613,buy
2025-07-27 08:30:00,564.185,554.899,0.004348738852529974,0.02817397429124857,hold
2025-07-27 09:00:00,564.885,555.514,0.004343925350392927,0.030292356463543557,hold
2025-07-27 10:00:00,566.415,556.692,0.004403210045336541,0.03551336146272854,hold
2025-07-27 12:30:00,571.4549999999999,559.233,0.004549233518825556,0.03740734356145481,hold
2025-07-27 14:00:00,574.3875,560.451,0.0048311433661338155,0.020122783083219797,sell
2025-07-27 14:30:00,575.2850000000001,560.909,0.00487187955004685,0.020893988696694787,hold
2025-07-27 16:00:00,578.1125,562.5409999999999,0.0048694012769580205,0.020203735144312285,hold
2025-07-27 16:30:00,579.2175,563.221,0.004883567437116393,0.02236151109605289,sell
2025-07-27 17:00:00,580.2850000000001,563.889,0.004903490347290728,0.016186140617096667,sell
2025-07-27 17:30:00,581.2650000000001,564.538,0.004971908167258722,0.010794400404789961,hold
2025-07-27 18:00:00,582.38,565.188,0.005032546188038904,0.008181666388378694,sell
2025-07-27 18:30:00,583.4675,565.82,0.005035053328671588,0.0028248587570622874,sell
2025-07-27 19:00:00,584.54,566.4259999999999,0.005054333170267681,0.008704385671242099,sell
2025-07-27 19:30:00,585.6775,567.061,0.005058111071543528,0.017160161507402405,sell
2025-07-27 20:00:00,586.6825,567.673,0.005171525907771953,0.0031761952524238524,sell
2025-07-27 20:30:00,587.6825,568.259,0.005266102819841446,0.0011742996141586026,sell
2025-07-27 21:00:00,588.635,568.859,0.005266261706068036,0.004705882352941115,sell
2025-07-27 21:30:00,589.365,569.431,0.005264905290774267,-0.0008352823254259567,sell
2025-07-27 22:00:00,590.1125,569.977,0.005246745862138608,-0.0028290896987850367,sell
2025-07-27 22:30:00,590.78,570.41,0.005409748800104974,-0.014747307373653595,sell
2025-07-27 23:00:00,591.3399999999999,570.826,0.005547314349005392,-0.020740003318400535,sell
2025-07-27 23:30:00,591.89,571.227,0.005542154565851798,-0.015518104455197634,sell
2025-07-28 01:30:00,594.205,572.7220000000001,0.005014773489656636,-0.017201455507773744,hold
2025-07-28 02:30:00,594.7,573.4209999999999,0.005118779767509282,-0.010891420911528171,hold
2025-07-28 04:00:00,595.1,574.457,0.005120097508755611,-0.014853137516689041,hold
2025-07-28 04:30:00,595.2700000000001,574.795,0.005106398246718167,-0.006559031281533789,hold
2025-07-28 05:00:00,595.7700000000001,575.299,0.006103676589525302,0.02507624534056241,sell
2025-07-28 06:30:00,596.0175,576.391,0.00633651696615291,0.0006779661016949046,hold
2025-07-28 08:00:00,595.0175,577.205,0.006517922442221356,-0.017793594306049876,hold
2025-07-28 09:00:00,594.075,577.735,0.0066704238354726,-0.010845619386544603,hold
2025-07-28 09:30:00,593.8,578.05,0.006670796011541866,-0.011354007795289056,hold
2025-07-28 10:30:00,593.245,578.6759999999999,0.006616230047046095,-0.006433045539190885,sell
2025-07-28 11:00:00,593.0424999999999,578.994,0.006577677880484775,-0.029917355371900878,sell
2025-07-28 11:30:00,592.73,579.314,0.006579806969517957,-0.010801687763713042,sell
2025-07-28 12:00:00,592.3375,579.616,0.006402828166184992,-0.010316252325384578,sell
2025-07-28 12:30:00,591.9599999999999,579.946,0.006414488895134652,-0.003387533875338744,sell
2025-07-28 13:00:00,591.5,580.214,0.006406860261116907,-0.0010258163788682273,hold
2025-07-28 14:00:00,590.48,580.682,0.00632204337358593,0.0012077294685988171,hold
2025-07-28 14:30:00,589.9225,580.937,0.006314896173314889,0.0058843890619593164,sell
2025-07-28 15:00:00,589.4425,581.201,0.006341759989921656,-0.000513962652047395,sell
2025-07-28 15:30:00,588.9325,581.471,0.006276272623718125,0.0013712718546452507,sell
2025-07-28 16:00:00,588.5875,581.778,0.00627273820078929,0.001879699248120037,sell
2025-07-28 16:30:00,588.2475000000001,582.06,0.006269053851353625,-0.006304310785482881,hold
2025-07-28 17:00:00,587.8975,582.3380000000001,0.00627321119575472,-0.005281990117566915,hold
2025-07-28 17:30:00,587.515,582.606,0.006232123684624262,-0.005630438491725065,sell
2025-07-28 18:00:00,587.0825,582.889,0.006118617784246607,-0.005639097744360999,sell
2025-07-28 19:00:00,586.4825,583.394,0.0061228911926828585,-0.007872668149922823,hold
2025-07-28 19:30:00,586.1925,583.5889999999999,0.006096073283709467,-0.006185567010309367,hold
2025-07-28 20:00:00,585.7675,583.7470000000001,0.006095876326615402,-0.010684128898845291,hold
2025-07-28 21:30:00,584.58,584.195,0.006075604708656665,-0.014378637452927223,hold
2025-07-28 22:30:00,583.6274999999999,584.433,0.006048704650021001,-0.021947873799725737,hold
2025-07-28 23:00:00,583.135,584.5369999999999,0.0059719601320398046,-0.02295306611853376,hold
2025-07-29 01:00:00,581.5799999999999,585.286,0.006252417678249432,0.0032775573572536576,hold
2025-07-29 02:30:00,580.6375,585.8929999999999,0.006131399191444381,0.003652809184206074,hold
2025-07-29 04:00:00,580.7774999999999,586.419,0.006335277409098405,0.023430669697499518,sell
2025-07-29 04:30:00,580.88,586.559,0.006386061705629448,0.02016129032258074,sell
2025-07-29 06:30:00,580.1949999999999,586.953,0.004416818672219797,-0.010137457044673504,hold
2025-07-29 07:00:00,579.9950000000001,587.074,0.004286919138280075,-0.004642365887207789,hold
2025-07-29 07:30:00,579.7375,587.134,0.004212654311145474,-0.008267309679641843,hold
2025-07-29 08:30:00,578.975,586.9590000000001,0.004295286011671037,-0.010225303292894283,hold
2025-07-29 09:30:00,578.385,586.705,0.004024575836352761,-0.018534408786682777,hold
2025-07-29 10:00:00,578.165,586.556,0.003991643439554193,-0.0235776524859046,hold
2025-07-29 10:30:00,577.8025,586.384,0.004118778895234208,-0.026121326688434365,hold
2025-07-29 11:30:00,576.955,586.021,0.004121620257206826,-0.020570440795159906,hold
2025-07-29 12:30:00,576.1274999999999,585.592,0.004116166577368163,-0.011109182433605258,hold
2025-07-29 13:00:00,575.8875,585.403,0.004190415529770395,-0.008118846087406983,hold
2025-07-29 16:00:00,573.6825,583.465,0.00455209060549857,-0.008748906386701671,hold
2025-07-29 17:30:00,572.9975000000001,582.566,0.004532485436862336,-0.0022943875750089937,hold
2025-07-29 19:30:00,572.4175,581.123,0.004559205475663035,-0.008261557391457064,hold
2025-07-29 20:00:00,572.0575,580.7180000000001,0.004446972048805225,-0.00757575757575768,hold
2025-07-29 20:30:00,571.5825,580.313,0.0044392575735620506,-0.0005325758920645685,hold
2025-07-29 21:00:00,571.15,579.93,0.004432488694104159,0.005165657285358005,hold
2025-07-29 21:30:00,570.7724999999999,579.539,0.004446214415662219,0.006048745774773101,hold
2025-07-29 22:00:00,570.3925,579.175,0.004365610025638885,-0.004942630185348573,hold
2025-07-29 23:00:00,569.5550000000001,578.489,0.004405675647312379,-0.00634249471458781,buy
2025-07-30 00:00:00,568.525,577.784,0.004162936690904294,-0.004423995752964038,buy
2025-07-30 00:30:00,568.1324999999999,577.5,0.004122840457828603,-0.000705965407694964,buy
2025-07-30 02:00:00,567.275,576.8009999999999,0.004163102745990334,0.00976389135451794,hold
2025-07-30 02:30:00,567.1400000000001,576.6080000000001,0.00417386157951215,0.013676731793961006,hold
2025-07-30 04:30:00,566.4875,575.674,0.0038444047926361343,0.004982206405693912,buy
2025-07-30 06:00:00,566.135,574.97,0.0039492541318763424,0.009598293636686739,hold
2025-07-30 06:30:00,566.1524999999999,574.737,0.0039387999932025955,0.0021193924408335896,hold
2025-07-30 07:30:00,566.2099999999999,574.122,0.00390751366630111,-0.0010580144595310204,buy
2025-07-30 08:00:00,566.2175,573.879,0.0037999157776821093,-0.0031645569620252223,buy
2025-07-30 08:30:00,566.1675,573.652,0.0037995563724005413,-0.00525670229542663,hold
2025-07-30 09:00:00,565.9625,573.4630000000001,0.0038218477687230828,-0.008061689449702092,buy
2025-07-30 10:00:00,565.7825,573.156,0.00396410131691345,-0.0019390093424993537,buy
2025-07-30 11:00:00,565.8425,572.812,0.0038238168543790084,-0.007408714058916743,buy
2025-07-30 11:30:00,565.8425,572.599,0.0038246559481375677,-0.005484784147204547,buy
2025-07-30 12:00:00,565.835,572.409,0.003973034860255864,-0.0031690140845069825,buy
2025-07-30 12:30:00,565.78,572.187,0.003912352385345093,-0.004758547761720022,buy
2025-07-30 13:00:00,565.7,571.962,0.0037269714310679573,-0.008955223880597107,buy
2025-07-30 13:30:00,565.7149999999999,571.76,0.0035132890787082476,-0.0010591350397175514,buy
2025-07-30 14:30:00,565.9300000000001,571.427,0.003468245729869638,0.004756033116082303,hold
2025-07-30 16:00:00,566.2175,571.013,0.003351817515601174,-0.00017661603673613246,buy
2025-07-30 17:00:00,566.5175,570.76,0.003474404231887636,0.015105740181268867,hold
2025-07-30 17:30:00,566.655,570.628,0.0034200843664476985,0.015833481586906117,hold
2025-07-30 18:00:00,566.83,570.472,0.003420780929050375,0.007947721653126072,hold
2025-07-30 19:00:00,566.7900000000001,570.0459999999999,0.00394998519770258,-0.005315379163713718,hold
2025-07-30 20:00:00,566.955,569.7330000000001,0.0041086285054351005,-0.002807510089489429,hold
2025-07-30 20:30:00,567.005,569.604,0.004107611977763127,-0.0038569424964935983,hold
2025-07-30 21:00:00,567.0475,569.4789999999999,0.004105142816210595,-0.0045630045630044025,hold
2025-07-30 22:00:00,567.005,569.2959999999999,0.0040681996692424945,0.002119766825648961,hold
2025-07-30 23:00:00,567.4350000000001,569.3670000000001,0.007138230455902455,0.03448879551820716,sell
2025-07-30 23:30:00,567.9625,569.51,0.007145750451673756,0.03345008756567425,sell
2025-07-31 00:00:00,568.6800000000001,569.751,0.007240182186432833,0.04433152269143159,sell
2025-07-31 00:30:00,569.3375,569.958,0.007325032275438926,0.049911190053286036,sell
2025-07-31 01:00:00,569.7925,570.105,0.007492038039060137,0.04221588884930538,sell
2025-07-31 01:30:00,570.28,570.226,0.00748832279106509,0.034684126703238505,sell
2025-07-31 02:00:00,570.7125,570.302,0.0074806527717615375,0.02991377793418959,sell
2025-07-31 02:30:00,571.15,570.331,0.007472093002244503,0.029391059486096216,sell
2025-07-31 03:00:00,571.5200000000001,570.3580000000001,0.007474831134382311,0.030148095909731776,hold
2025-07-31 04:30:00,572.7825,570.51,0.0074077809508850245,0.029422128259337432,sell
2025-07-31 05:00:00,573.2325,570.525,0.007396680988108799,-0.011677102724657273,sell
2025-07-31 05:30:00,573.7299999999999,570.5279999999999,0.007385517154887207,-0.012031859006948031,sell
2025-07-31 06:00:00,574.25,570.545,0.007414113955547968,-0.015100671140939603,sell
2025-07-31 06:30:00,574.6975,570.549,0.007516554865980997,-0.01488749788529875,sell
2025-07-31 07:00:00,575.1875,570.575,0.007502695372634849,-0.004785506750982882,sell
2025-07-31 07:30:00,575.69,570.6120000000001,0.00745538852381616,-0.00427569693860097,sell
2025-07-31 08:00:00,576.1475,570.682,0.007471028136358817,-0.00136682043396541,sell
2025-07-31 08:30:00,576.6724999999999,570.7779999999999,0.007473300192861213,0.001367755171824303,sell
2025-07-31 09:00:00,577.2375,570.859,0.007456667186758377,0.004620913914085367,sell
2025-07-31 09:30:00,577.7475000000001,570.964,0.007411831351106049,0.00445434298440972,sell
2025-07-31 10:00:00,578.1175,571.091,0.007397494397604086,0.0017132088401576873,sell
2025-07-31 10:30:00,578.4300000000001,571.2090000000001,0.007396387354614316,-0.002396029436933067,sell
2025-07-31 11:00:00,578.76,571.331,0.0073766537955808715,-0.001712328767123239,sell
2025-07-31 11:30:00,579.1125,571.446,0.007371733302767045,0.0006861063464835837,sell
2025-07-31 12:00:00,579.515,571.553,0.007319875910702355,-0.00817717206132873,sell
2025-07-31 12:30:00,579.825,571.691,0.007322541658082724,-0.0030911901081915882,sell
2025-07-31 13:00:00,580.03,571.814,0.007329669394514827,-0.0049802507298642995,sell
2025-07-31 13:30:00,580.2,571.926,0.007338597738242666,-0.007557540364136139,sell
2025-07-31 14:00:00,580.3199999999999,572.014,0.007300074790380297,-0.015397775876817787,sell
2025-07-31 14:30:00,580.545,572.037,0.007355822645547583,-0.023390814410107597,sell
2025-07-31 15:00:00,580.8675,572.038,0.0073755652620922174,-0.021635434412265786,sell
2025-07-31 15:30:00,581.1,572.0930000000001,0.007373888260280459,-0.020296776394337357,sell
2025-07-31 16:00:00,581.295,572.178,0.007333370299931137,-0.014708397468787493,sell
2025-07-31 16:30:00,581.4725000000001,572.298,0.007322901116954931,-0.013038256990907549,sell
2025-07-31 17:00:00,581.6,572.4069999999999,0.007324637544663251,-0.018353344768439195,sell
2025-07-31 17:30:00,581.6675,572.4820000000001,0.007356974098185562,-0.023654439492629353,sell
2025-07-31 18:00:00,581.745,572.521,0.007359454754004596,-0.02026794915836494,sell
2025-07-31 18:30:00,581.8050000000001,572.552,0.007086473389900375,-0.018087855297157618,sell
2025-07-31 19:00:00,581.1724999999999,572.532,0.007166727673781583,-0.02381774249223323,sell
2025-07-31 19:30:00,580.515,572.5169999999999,0.0071193961370369565,-0.024229837313949454,sell
2025-07-31 20:00:00,579.6899999999999,572.496,0.007072271866760694,-0.021720243266724615,sell
2025-07-31 20:30:00,579.0225,572.474,0.007082667996229056,-0.01328671328671338,sell
2025-07-31 21:00:00,578.55,572.4739999999999,0.0070942369390337165,-0.014104126763015645,sell
2025-07-31 21:30:00,578.2225,572.548,0.007226204062051707,-0.004874651810584885,sell
2025-07-31 22:00:00,577.72,572.567,0.007410250926495225,-0.01892032633223395,sell
2025-07-31 22:30:00,577.1525,572.559,0.0074483271145051625,-0.022770728315661293,sell
2025-07-31 23:00:00,576.6,572.538,0.00431000381811831,-0.017648086667831353,sell
2025-07-31 23:30:00,576.0450000000001,572.498,0.004309857251106463,-0.014220505617977608,sell
2025-08-01 00:00:00,575.505,572.482,0.00400590201196647,-0.014551192145862424,sell
2025-08-01 00:30:00,574.955,572.485,0.0038757377799053558,-0.013508771929824692,sell
2025-08-01 01:00:00,574.4150000000001,572.4689999999999,0.00363818655117907,-0.005657708628005742,sell
2025-08-01 01:30:00,573.84,572.427,0.0036719961001650064,-0.0067399787158566316,sell
2025-08-01 02:00:00,573.225,572.425,0.0037377783985017283,-0.001065719360568429,sell
2025-08-01 02:30:00,572.765,572.4019999999999,0.0037715981552733746,-0.0008858965272856567,sell
2025-08-01 03:00:00,572.495,572.462,0.0042941530781110135,0.009360649947015132,sell
2025-08-01 03:30:00,572.2,572.495,0.004298662410678518,-0.0020993701889433503,sell
2025-08-01 04:00:00,571.7974999999999,572.4910000000001,0.004320225307534669,0.0056617126680820196,sell
2025-08-01 04:30:00,571.3375,572.457,0.004318454939425806,0.009071504802561137,sell
2025-08-01 05:00:00,570.7925,572.403,0.004341462464014785,0.005336179295624355,sell
2025-08-01 05:30:00,570.245,572.357,0.004340160398414015,0.005164737310774603,sell
2025-08-01 06:00:00,569.7,572.313,0.0042042532265488,0.0014232342999465075,sell
2025-08-01 06:30:00,569.2625,572.319,0.00413770202791545,0.005513071314245055,sell
2025-08-01 07:00:00,568.725,572.265,0.004234881646816242,-0.0016002844950212536,sell
2025-08-01 07:30:00,568.1175,572.2040000000001,0.004264285774024565,-0.001607142857142807,sell
2025-08-01 08:00:00,567.4575000000001,572.082,0.0042662059329502365,-0.011735419630156563,sell
2025-08-01 08:30:00,566.7950000000001,571.948,0.004252941914050944,-0.017556304309274684,sell
2025-08-01 09:00:00,566.2325,571.822,0.004325412174862551,-0.025546806649168863,sell
2025-08-01 09:30:00,565.625,571.692,0.004385667145963043,-0.02962833099579243,sell
2025-08-01 10:00:00,565.115,571.573,0.004418574965400561,-0.023399014778325067,sell
2025-08-01 10:30:00,564.635,571.424,0.004431517357062162,-0.025559668605676045,sell
2025-08-01 11:00:00,564.1,571.293,0.004431574336890842,-0.021762208067940714,hold
2025-08-01 11:30:00,563.7,571.246,0.004703979908795899,-0.010630758327427325,sell
2025-08-01 12:00:00,563.24,571.161,0.004701208899571275,-0.009237875288683473,sell
2025-08-01 12:30:00,562.8025,571.095,0.004693935682449639,-0.01344181110718079,sell
2025-08-01 13:00:00,562.37,571.018,0.004730687154977405,-0.011576135351736405,sell
2025-08-01 13:30:00,561.8824999999999,570.8979999999999,0.004861153057903712,-0.01609729923090686,hold
2025-08-01 14:00:00,561.5875,570.822,0.005389114683087251,0.005037783375315019,sell
2025-08-01 14:30:00,561.22,570.7280000000001,0.005385409860079999,0.0023465703971117247,sell
2025-08-01 15:00:00,560.825,570.582,0.005504781780969114,-0.012749147064104904,sell
2025-08-01 15:30:00,560.5450000000001,570.4490000000001,0.0055704586222015025,-0.001626016260162566,sell
2025-08-01 16:00:00,560.3625,570.307,0.005621322770776731,0.0010808863267879332,sell
2025-08-01 16:30:00,559.985,570.096,0.005832493793748784,-0.006331403762662835,sell
2025-08-01 17:00:00,559.5474999999999,569.885,0.005798558581477376,-0.007596310363537584,hold
2025-08-01 17:30:00,558.8575,569.632,0.005879059597059148,-0.025787965616045794,sell
2025-08-01 18:00:00,558.3149999999999,569.406,0.005868896121385716,-0.025461717769410197,sell
2025-08-01 18:30:00,557.7825,569.134,0.00589416441306898,-0.03029759770527063,sell
2025-08-01 19:30:00,556.65,568.496,0.005847944098511183,-0.01854208325758966,sell
2025-08-01 20:00:00,556.0074999999999,568.153,0.005903188868238331,-0.03974221267454359,hold
2025-08-01 23:00:00,551.8625,566.388,0.005868103808065532,-0.02296336796063425,sell
2025-08-01 23:30:00,551.0074999999999,566.081,0.005870329353090493,-0.014338235294117596,sell
2025-08-02 00:00:00,550.2975,565.808,0.00597750548521418,-0.0064397424103035394,sell
2025-08-02 00:30:00,549.6700000000001,565.554,0.006017000834465261,0.0024034017378444794,sell
2025-08-02 01:00:00,549.045,565.047,0.00603031369642489,0.003156917363045686,hold
2025-08-02 01:30:00,548.4224999999999,564.5409999999999,0.006009395472209279,-0.0007408779403592636,hold
2025-08-02 02:00:00,547.855,563.9830000000001,0.005971380709422735,0.0070842654735272514,hold
2025-08-02 02:30:00,547.2475000000001,563.4830000000001,0.00596067631555397,0.009326618168252088,hold
2025-08-02 03:00:00,546.76,563.052,0.005589142416510515,0.008184523809523725,hold
2025-08-02 05:00:00,545.2,561.294,0.005613745887133281,0.007834359261331691,hold
2025-08-02 05:30:00,544.9350000000001,560.886,0.005673760860485427,0.012495337560611608,hold
2025-08-02 06:00:00,544.5224999999999,560.435,0.005760742250112715,-0.002592592592592591,hold
2025-08-02 06:30:00,544.185,559.985,0.005716411265038906,-0.0053485798598305045,hold
2025-08-02 07:00:00,543.8950000000001,559.558,0.005687243340212618,0.0020362828582005665,hold
2025-08-02 08:00:00,543.025,558.6709999999999,0.005620912179781294,-0.0005553498704184978,hold
2025-08-02 10:00:00,541.06,556.7869999999999,0.005502344754394447,-0.014578335486251981,hold
2025-08-02 11:00:00,540.2325,555.78,0.005595630996829021,-0.004441976679622428,hold
2025-08-02 12:30:00,538.9174999999999,554.2909999999999,0.005537754034028698,-0.004264787687743299,hold
2025-08-02 14:00:00,538.2925,552.917,0.004929210443151767,-0.009260974254491572,hold
2025-08-02 14:30:00,538.0625,552.429,0.004930841758243969,-0.010606624488276761,hold
2025-08-02 15:00:00,537.9225,551.964,0.004767664273664676,-0.006524981357196147,hold
2025-08-02 15:30:00,537.655,551.478,0.004776290350748008,-0.011025976452999409,buy
2025-08-02 18:00:00,536.6975,549.219,0.004905693066919193,-0.01836237586659184,buy
2025-08-02 18:30:00,536.49,548.706,0.004871153618558393,-0.02420856610800748,buy
2025-08-02 19:00:00,536.3075,548.2710000000001,0.005038692407481585,-0.016551980658359833,buy
2025-08-02 19:30:00,535.9649999999999,547.8,0.00528630809268316,-0.029892313405124438,buy
2025-08-02 20:00:00,535.6175000000001,547.3570000000001,0.005325606976331642,-0.016451673209945672,buy
2025-08-02 21:30:00,534.5150000000001,546.141,0.0053146222574367375,-0.006424792139077984,buy
2025-08-02 22:00:00,534.0575,545.73,0.005150675745672194,-0.01472531621672657,buy
2025-08-02 22:30:00,533.6324999999999,545.327,0.005176052397962838,-0.014293774684972727,buy
2025-08-02 23:30:00,532.5625,544.341,0.0052482297919643475,-0.012153437143942236,buy
2025-08-03 01:00:00,531.17,543.122,0.005638958894358163,-0.004349470499243502,buy
2025-08-03 02:00:00,530.455,542.415,0.00566725709858746,0.0024710131153771187,buy
2025-08-03 04:00:00,529.3349999999999,541.115,0.00564148316996533,0.014753784249856405,buy
2025-08-03 04:30:00,529.155,540.778,0.005644755466350869,0.011639000190803328,buy
2025-08-03 06:30:00,528.75,539.236,0.0055094207489473504,0.012967200610221274,buy
2025-08-03 07:00:00,528.5875,538.8979999999999,0.005478741396601765,0.009306742640075916,buy
2025-08-03 08:00:00,528.7900000000001,538.386,0.0057464626484829,0.02464922260144098,buy
2025-08-03 09:00:00,528.8824999999999,537.901,0.0057306074778533155,0.017586989409984932,buy
2025-08-03 09:30:00,528.9075,537.706,0.005731491868957049,0.01945966370678276,buy
2025-08-03 10:00:00,529.0025,537.535,0.00572853077337504,0.017182779456193398,buy
2025-08-03 10:30:00,529.2475000000001,537.41,0.005773789453924206,0.021312712184081484,buy
2025-08-03 13:30:00,530.6675,536.528,0.005602201392419242,0.011946985252940134,buy
2025-08-03 14:00:00,531.0675,536.35,0.005541615425226534,-0.0009252405625462812,buy
2025-08-03 14:30:00,531.4525,536.1659999999999,0.005469002788678278,-0.0016657412548584105,buy
2025-08-03 15:00:00,531.755,536.025,0.005473483771625315,0.005203493774391221,buy
2025-08-03 15:30:00,532.225,535.937,0.005367728640399868,0.003150481838398722,buy
2025-08-03 16:00:00,532.6075,535.765,0.005367465058623518,0.005012066085019473,buy
2025-08-03 16:30:00,532.9925000000001,535.64,0.005354602768672484,0.0024007386888271753,buy
2025-08-03 17:00:00,533.405,535.553,0.0053308576776106495,0.0016660496112550494,buy
2025-08-03 18:00:00,534.38,535.337,0.004798682929898635,0.008537490720118779,buy
2025-08-03 18:30:00,534.8174999999999,535.26,0.004834234587933119,0.0012941393973009419,buy
2025-08-03 19:00:00,535.3924999999999,535.193,0.004670704311134599,0.0009233610341643494,buy
2025-08-03 19:30:00,535.9449999999999,535.1759999999999,0.004295917076357767,0.00036893562073414543,buy
2025-08-03 21:00:00,537.525,535.256,0.004104420790450941,0.006470696986504043,buy
2025-08-03 21:30:00,538.075,535.332,0.004160116366237393,0.011453907260299268,buy
2025-08-03 22:00:00,538.4825,535.405,0.0041404825856824114,0.004248245289989017,buy
2025-08-03 22:30:00,538.8174999999999,535.472,0.0041259797934757635,0.0,buy
2025-08-03 23:30:00,539.595,535.5830000000001,0.003864151439252348,0.001656543346217676,buy
2025-08-04 01:00:00,541.0474999999999,536.0509999999999,0.0034153140244596917,0.015498154981549828,buy
2025-08-04 01:30:00,541.59,536.215,0.0034173871650088096,0.018993177208187495,buy
2025-08-04 02:00:00,542.1324999999999,536.331,0.0034205723764370306,0.01639948406117564,buy
2025-08-04 03:00:00,543.1675,536.547,0.003394525558136998,0.013409257898604032,buy
