timestamp,sma_short,sma_long,volatility,momentum,label,action
2025-06-27 10:00:00,,,,,hold,hold
2025-06-27 11:00:00,,,,,hold,hold
2025-06-27 12:00:00,,,,,hold,hold
2025-06-27 13:00:00,,,,,hold,hold
2025-06-27 14:00:00,,,,,hold,hold
2025-06-27 15:00:00,,,,,hold,hold
2025-06-27 16:00:00,,,,-0.0037488284910964786,hold,hold
2025-06-27 17:00:00,,,,-0.016853932584269593,buy,buy
2025-06-27 18:00:00,,,,-0.01423149905123322,buy,buy
2025-06-27 19:00:00,,,,-0.020676691729323404,buy,buy
2025-06-27 20:00:00,,,,0.003798670465337217,hold,hold
2025-06-27 21:00:00,,,,-0.0028328611898016387,buy,buy
2025-06-27 22:00:00,,,,-0.004703668861712251,buy,buy
2025-06-27 23:00:00,,,,0.0028571428571428914,buy,buy
2025-06-28 00:00:00,,,,0.018286814244465877,buy,buy
2025-06-28 01:00:00,,,,0.02207293666026877,hold,hold
2025-06-28 02:00:00,,,,-0.0009460737937558861,buy,buy
2025-06-28 03:00:00,,,,-0.004734848484848508,buy,buy
2025-06-28 04:00:00,,,,-0.013232514177693777,buy,buy
2025-06-28 05:00:00,10.5495,,,-0.010446343779677014,buy,buy
2025-06-28 06:00:00,10.5365,,,-0.016068052930056753,buy,buy
2025-06-28 07:00:00,10.528,,,-0.013145539906103343,buy,buy
2025-06-28 09:00:00,10.517999999999999,,,0.0028544243577544037,buy,buy
2025-06-28 10:00:00,10.52,,0.0076909131624746776,0.01245210727969348,buy,buy
2025-06-28 11:00:00,10.5175,,0.0077017465975485954,0.011516314779270509,buy,buy
2025-06-28 12:00:00,10.517,,0.0073832619237485485,0.020172910662824117,buy,buy
2025-06-28 13:00:00,10.516499999999999,,0.007543418616515476,-0.0019029495718363432,buy,buy
2025-06-28 14:00:00,10.523,,0.007276237176329421,0.00766283524904221,buy,buy
2025-06-28 15:00:00,10.5345,,0.007622288066970531,0.010436432637571214,hold,hold
2025-06-28 16:00:00,10.543000000000001,,0.0077741490683767,0.016083254493850507,hold,hold
2025-06-28 17:00:00,10.559999999999999,,0.007821171108264201,0.034155597722960174,hold,hold
2025-06-28 18:00:00,10.574499999999999,,0.00745341969678479,0.02354048964218447,hold,hold
2025-06-28 21:00:00,10.609,,0.007714842979696385,0.024413145539906145,buy,buy
2025-06-28 23:00:00,10.655,,0.00781616190694013,0.007339449541284404,hold,hold
2025-06-29 00:00:00,10.682500000000001,,0.007791892661814137,0.011039558417663464,hold,hold
2025-06-29 01:00:00,10.703,,0.008377722100357098,0.004638218923933346,buy,buy
2025-06-29 02:00:00,10.727,,0.008195753593307238,0.012081784386617223,buy,buy
2025-06-29 03:00:00,10.744,,0.008164482580340506,-0.005499541704858002,buy,buy
2025-06-29 04:00:00,10.7635,,0.008016631514699698,-0.016348773841961872,buy,buy
2025-06-29 05:00:00,10.7805,,0.00800437698648126,-0.00910746812386154,buy,buy
2025-06-29 06:00:00,10.7985,,0.008000451625540776,-0.005459508644222066,hold,hold
2025-06-29 07:00:00,10.8225,,0.007948953024496224,0.01754385964912286,hold,hold
2025-06-29 08:00:00,10.843,,0.0077374901983722644,0.012855831037649201,hold,hold
2025-06-29 09:00:00,10.8665,,0.007770887128088678,0.010138248847926468,hold,hold
2025-06-29 12:00:00,10.904,10.688600000000001,0.00788908650958285,-0.005489478499542622,hold,hold
2025-06-29 13:00:00,10.900500000000001,10.6916,0.007445431998767951,-0.01724137931034475,hold,hold
2025-06-29 14:00:00,10.896,10.6964,0.007535663582492887,-0.022665457842248382,hold,hold
2025-06-29 15:00:00,10.8925,10.697799999999999,0.007283492100342656,-0.022810218978102204,hold,hold
2025-06-29 16:00:00,10.893,10.702600000000002,0.00716647945041937,-0.01011029411764719,hold,hold
2025-06-29 17:00:00,10.888,10.707,0.006497618164985074,-0.009165902841429818,hold,hold
2025-06-29 18:00:00,10.884,10.713,0.006876881791606482,0.005519779208831732,hold,hold
2025-06-29 19:00:00,10.887,10.7238,0.0069067377447864405,0.01939058171745134,hold,hold
2025-06-29 20:00:00,10.89,10.737,0.006879768181560999,0.02504638218923949,hold,hold
2025-06-29 21:00:00,10.9125,10.754199999999999,0.007546951750733261,0.05322128851540597,sell,sell
2025-06-29 22:00:00,10.9485,10.775,0.00934385804282233,0.07799442896935926,sell,sell
2025-06-29 23:00:00,10.978,10.7926,0.009918986058555297,0.05827937095282132,sell,sell
2025-06-30 00:00:00,11.0055,10.808600000000002,0.010020913476401622,0.04117108874656927,sell,sell
2025-06-30 01:00:00,11.0215,10.821999999999997,0.010111494873814547,0.01449275362318847,sell,sell
2025-06-30 02:00:00,11.032,10.833200000000001,0.010164345005242308,0.008144796380090469,sell,sell
2025-06-30 03:00:00,11.0365,10.8424,0.010146726752683967,-0.01507092198581561,sell,sell
2025-06-30 04:00:00,11.036,10.851600000000001,0.010303125075665085,-0.05081826012058566,sell,sell
2025-06-30 05:00:00,11.0415,10.8628,0.0103018474735207,-0.03234265734265729,sell,sell
2025-06-30 06:00:00,11.045,10.873,0.01053202753465388,-0.03778558875219695,sell,sell
2025-06-30 07:00:00,11.056000000000001,10.8872,0.010932081747017515,-0.006249999999999867,sell,sell
2025-06-30 08:00:00,11.058,10.8972,0.011684781274637315,-0.02064631956912033,sell,sell
2025-06-30 09:00:00,11.061,10.9048,0.011620907479019435,-0.01980198019801971,sell,sell
2025-06-30 10:00:00,11.0695,10.915,0.011574852669555595,-0.006352087114337546,sell,sell
2025-06-30 11:00:00,11.0795,10.9224,0.011590382986932922,-0.014453477868112019,sell,sell
2025-06-30 12:00:00,11.0815,10.927200000000001,0.011720970393754415,-0.012785388127853792,sell,sell
2025-06-30 13:00:00,11.0795,10.9318,0.011721237425411972,-0.03234501347708907,sell,sell
2025-06-30 14:00:00,11.071499999999999,10.934800000000001,0.011682836947620765,-0.012832263978001857,sell,sell
2025-06-30 15:00:00,11.059999999999999,10.941199999999998,0.011620796845175191,-0.00734618916437102,sell,sell
2025-06-30 16:00:00,11.052,10.948599999999999,0.011661178226482789,-0.005479452054794387,sell,sell
2025-06-30 17:00:00,11.032,10.953200000000002,0.011644452510478118,-0.00274977085242889,sell,sell
2025-06-30 18:00:00,10.993,10.955,0.011452633694340606,0.0018501387604070718,sell,sell
2025-06-30 19:00:00,10.9755,10.958800000000002,0.012322915532035796,0.029712163416898862,sell,sell
2025-06-30 20:00:00,10.96,10.9628,0.012329155662523137,0.027855153203342642,sell,sell
2025-06-30 21:00:00,10.9445,10.965,0.011943740749411963,0.007400555041628065,sell,sell
2025-06-30 22:00:00,10.9285,10.966199999999999,0.010029750185064627,-0.006427915518824601,sell,sell
2025-06-30 23:00:00,10.911,10.963199999999999,0.009733566791227624,-0.011029411764705954,sell,sell
2025-07-01 00:00:00,10.895,10.957,0.009737857615266103,-0.012003693444136765,sell,sell
2025-07-01 01:00:00,10.872,10.9496,0.009409937804684323,-0.04328223624887295,sell,sell
2025-07-01 02:00:00,10.8505,10.940199999999999,0.009476774199935926,-0.049683830171635135,hold,hold
2025-07-01 03:00:00,10.8205,10.9342,0.009500033605340802,-0.03305785123966953,hold,hold
2025-07-01 04:00:00,10.7965,10.924999999999997,0.009541984338451465,-0.03604436229205177,hold,hold
2025-07-01 05:00:00,10.773,10.916400000000001,0.00943747756620532,-0.03159851301115235,hold,hold
2025-07-01 06:00:00,10.746,10.908,0.009270765090278405,-0.027102803738317638,hold,hold
2025-07-01 07:00:00,10.7265,10.900799999999998,0.00882818227601504,-0.008482563619227168,hold,hold
2025-07-01 08:00:00,10.7045,10.8896,0.008416621251871335,-0.014258555133079831,hold,hold
2025-07-01 09:00:00,10.687,10.8776,0.008533877179367051,-0.010446343779677014,hold,hold
2025-07-01 10:00:00,10.6705,10.8658,0.008430986867170653,0.0009587727708533222,hold,hold
2025-07-01 11:00:00,10.648,10.8538,0.008505575515103014,-0.0057581573896353655,hold,hold
2025-07-01 12:00:00,10.6215,10.843399999999999,0.008380234542708571,-0.004803073967339144,hold,hold
2025-07-01 13:00:00,10.5965,10.832799999999999,0.00840166021829128,-0.013307984790874361,hold,hold
2025-07-01 14:00:00,10.5755,10.823599999999999,0.008444726475985008,0.0038572806171650598,hold,hold
2025-07-01 15:00:00,10.544,10.816200000000002,0.008476164916289967,0.0038387715930903177,hold,hold
2025-07-01 16:00:00,10.51,10.808399999999999,0.008331516135959019,-0.00478927203065127,hold,hold
2025-07-01 17:00:00,10.485,10.802,0.008338438046086218,0.0028957528957529455,hold,hold
2025-07-01 18:00:00,10.4575,10.791999999999998,0.008554735161184381,-0.008687258687258725,buy,buy
2025-07-01 19:00:00,10.43,10.78,0.006507646651356099,-0.016377649325626242,buy,buy
2025-07-01 20:00:00,10.4085,10.7668,0.006773898539608513,-0.01344860710854956,buy,buy
2025-07-01 21:00:00,10.389,10.750399999999999,0.0061850765591289275,-0.02294455066921608,buy,buy
2025-07-01 22:00:00,10.3705,10.7324,0.006196931767013669,-0.023099133782483183,buy,buy
2025-07-01 23:00:00,10.352500000000001,10.7102,0.006233601029859279,-0.02117420596727626,buy,buy
2025-07-02 00:00:00,10.338,10.680800000000001,0.006197050524863938,-0.012658227848101222,buy,buy
2025-07-02 01:00:00,10.328,10.656399999999998,0.0063794593783270525,0.0009794319294809117,buy,buy
2025-07-02 02:00:00,10.322999999999999,10.635,0.006535597752984329,0.003894839337877487,buy,buy
2025-07-02 03:00:00,10.3115,10.616800000000001,0.00652819289996953,0.006849315068492956,buy,buy
2025-07-02 04:00:00,10.314499999999999,10.6026,0.006904004174595359,0.027586206896551557,hold,hold
2025-07-02 06:00:00,10.322500000000002,10.5804,0.007100105488855449,0.04043392504930976,hold,hold
2025-07-02 07:00:00,10.323,10.566400000000002,0.0076306096008421686,0.014677103718199414,buy,buy
2025-07-02 08:00:00,10.327000000000002,10.556199999999999,0.007184014327922889,0.012609117361784605,buy,buy
2025-07-02 09:00:00,10.3315,10.543,0.007141646567649002,0.017492711370262537,buy,buy
2025-07-02 10:00:00,10.338,10.535599999999999,0.007256198279848735,0.010546500479386323,buy,buy
2025-07-02 11:00:00,10.3415,10.528400000000001,0.00705763256610512,0.005730659025787732,buy,buy
2025-07-02 12:00:00,10.3445,10.5184,0.007258039579303413,-0.009478672985782088,buy,buy
2025-07-02 13:00:00,10.353,10.511400000000002,0.007544033421594847,0.018322082931533368,buy,buy
2025-07-02 14:00:00,10.373000000000001,10.5086,0.007789573290263574,0.022030651340996243,buy,buy
2025-07-02 15:00:00,10.403,10.509399999999998,0.008140597433187754,0.03247373447946522,buy,buy
2025-07-02 16:00:00,10.448500000000001,10.5176,0.010355123308384387,0.06072106261859589,buy,buy
2025-07-02 19:00:00,10.613,10.542600000000002,0.00984765165216079,0.07765151515151514,hold,hold
2025-07-02 20:00:00,10.675,10.553600000000001,0.009886907138276297,0.0665417057169635,buy,buy
2025-07-02 22:00:00,10.790000000000001,10.567,0.009574847727788233,0.01878354203935606,buy,buy
2025-07-02 23:00:00,10.8425,10.575999999999999,0.009744746448652475,0.016129032258064502,buy,buy
2025-07-03 00:00:00,10.887,10.585999999999999,0.009707766198565433,0.0026572187776794376,buy,buy
2025-07-03 02:00:00,10.9855,10.616599999999998,0.010451092194444135,0.0061511423550086874,hold,hold
2025-07-03 04:00:00,11.0985,10.6554,0.01019400933960572,0.015803336259877065,hold,hold
2025-07-03 05:00:00,11.165000000000001,10.6808,0.010671542779309335,0.040564373897707284,sell,sell
2025-07-03 06:00:00,11.230500000000001,10.709200000000001,0.010658212091379694,0.04681978798586561,sell,sell
2025-07-03 07:00:00,11.301,10.739600000000001,0.009582579293752145,0.03466204506065851,sell,sell
2025-07-03 08:00:00,11.372,10.7688,0.00987724752395756,0.03668122270742358,sell,sell
2025-07-03 09:00:00,11.435,10.7948,0.010060541008322484,0.027826086956521667,sell,sell
2025-07-03 10:00:00,11.4895,10.8226,0.010265048400560618,0.016421780466724156,sell,sell
2025-07-03 11:00:00,11.532,10.8474,0.010555097941726902,-0.011864406779661052,sell,sell
2025-07-03 12:00:00,11.5575,10.8724,0.010256221940993807,-0.013502109704641385,sell,sell
2025-07-03 13:00:00,11.591999999999999,10.9022,0.01035367250234801,-0.007537688442211032,sell,sell
2025-07-03 14:00:00,11.612,10.928799999999999,0.010931088575905974,-0.015164279696714411,sell,sell
2025-07-03 15:00:00,11.6105,10.9482,0.012639280802615728,-0.03976311336717431,sell,sell
2025-07-03 16:00:00,11.6135,10.968800000000002,0.01072941028690403,-0.027210884353741527,sell,sell
2025-07-03 17:00:00,11.613000000000001,10.988199999999999,0.010720642550845667,-0.019725557461406584,sell,sell
2025-07-03 18:00:00,11.6155,11.0092,0.01048049880704356,-0.021385799828913643,sell,sell
2025-07-03 19:00:00,11.625,11.032,0.010477324839112711,-0.02700421940928277,sell,sell
2025-07-03 20:00:00,11.641,11.0594,0.010633447469517316,-0.004277159965782595,sell,sell
2025-07-03 21:00:00,11.647,11.0884,0.010595985008947591,0.027312775330396555,sell,sell
2025-07-03 22:00:00,11.654499999999999,11.115,0.0106137504710171,0.013986013986013957,sell,sell
2025-07-03 23:00:00,11.655999999999999,11.1412,0.010654053840909549,0.008748906386701671,sell,sell
2025-07-04 00:00:00,11.6545,11.169,0.010640623050912987,0.00874125874125875,sell,sell
2025-07-04 01:00:00,11.643,11.197000000000001,0.009891184237220506,0.003469210754553309,sell,sell
2025-07-04 02:00:00,11.625,11.223999999999998,0.00986186192304268,-0.012886597938144395,sell,sell
2025-07-04 03:00:00,11.602,11.2492,0.00982333877708635,-0.015437392795883298,sell,sell
2025-07-04 04:00:00,11.5785,11.270999999999999,0.009831586415257944,-0.01724137931034475,sell,sell
2025-07-04 05:00:00,11.559,11.293800000000001,0.008853578306102543,-0.008673026886383273,sell,sell
2025-07-04 06:00:00,11.534,11.3104,0.009188032306574627,-0.02426343154246091,sell,sell
2025-07-04 07:00:00,11.504999999999999,11.3226,0.009366969748275356,-0.04235090751944681,sell,sell
2025-07-04 08:00:00,11.479000000000001,11.335,0.009617197951832033,-0.027850304612706767,sell,sell
2025-07-04 09:00:00,11.4465,11.351599999999998,0.009666276427222035,-0.024390243902439157,sell,sell
2025-07-04 10:00:00,11.415499999999998,11.3642,0.009841191934611053,-0.02894736842105261,sell,sell
2025-07-04 11:00:00,11.401,11.376,0.009760537193972754,-0.03237095363079612,sell,sell
2025-07-04 12:00:00,11.378,11.3848,0.009759361952069405,-0.0248667850799289,sell,sell
2025-07-04 13:00:00,11.354499999999998,11.3934,0.009129877721107732,-0.010830324909747224,sell,sell
2025-07-04 14:00:00,11.330499999999999,11.4036,0.008880540903732737,-0.018800358102059045,sell,sell
2025-07-04 15:00:00,11.2985,11.4102,0.006938705031022998,-0.02767857142857133,sell,sell
2025-07-04 16:00:00,11.2575,11.4132,0.006686807019677637,-0.02258355916892507,sell,sell
2025-07-04 17:00:00,11.2175,11.414200000000001,0.006793357866290123,-0.018083182640144746,sell,sell
2025-07-04 18:00:00,11.178500000000001,11.407,0.006770044201813968,-0.014571948998178486,sell,sell
2025-07-04 19:00:00,11.139500000000002,11.398800000000001,0.006459602000105817,-0.019160583941605913,hold,hold
2025-07-04 20:00:00,11.103,11.3892,0.00617242455365299,-0.013686131386861367,sell,sell
2025-07-04 21:00:00,11.0655,11.378,0.006147807727929341,-0.006427915518824601,hold,hold
2025-07-04 22:00:00,11.036,11.3684,0.006489071902909447,0.007393715341959428,sell,sell
2025-07-05 00:00:00,10.9725,11.344000000000001,0.0069609700210174815,0.001848428835489857,sell,sell
2025-07-05 01:00:00,10.9405,11.333,0.006882849646154713,0.0037209302325580396,sell,sell
2025-07-05 02:00:00,10.9165,11.322199999999999,0.006838673827482788,-0.0027752081406106077,sell,sell
2025-07-05 03:00:00,10.9045,11.3082,0.007034148612610086,0.001848428835489857,sell,sell
2025-07-05 04:00:00,10.885499999999999,11.295,0.0069833410793660984,-0.010091743119266194,sell,sell
2025-07-05 05:00:00,10.8675,11.2818,0.007055972023055718,0.006499535747446661,sell,sell
2025-07-05 06:00:00,10.8595,11.2686,0.0067234469969974404,0.0064575645756457245,sell,sell
2025-07-05 07:00:00,10.847,11.248800000000001,0.006199148084472825,0.001853568118628468,hold,hold
2025-07-05 08:00:00,10.830499999999999,11.2248,0.006490183496724704,-0.012059369202226278,hold,hold
2025-07-05 09:00:00,10.8145,11.198799999999999,0.00641905868509941,-0.01845018450184499,hold,hold
2025-07-05 11:00:00,10.777,11.147,0.006591231964632568,-0.023985239852398532,buy,buy
2025-07-05 12:00:00,10.763,11.1226,0.006505203529321324,-0.033913840513290605,buy,buy
2025-07-05 13:00:00,10.746,11.099799999999998,0.006505292790132818,-0.026827012025901986,buy,buy
2025-07-05 15:00:00,10.722999999999999,11.0512,0.0065551126340472,-0.009398496240601628,buy,buy
2025-07-05 16:00:00,10.7105,11.0286,0.006494137854706071,0.0038022813688214363,buy,buy
2025-07-05 17:00:00,10.695,11.011800000000001,0.006457378514802939,-0.006616257088846944,buy,buy
2025-07-05 18:00:00,10.669999999999998,10.991,0.006707795281778024,-0.013282732447817747,buy,buy
2025-07-05 19:00:00,10.657,10.9726,0.0070656526189550005,-0.000950570342205248,hold,hold
2025-07-05 20:00:00,10.6425,10.9548,0.0070036849653479505,-0.0018921475875117721,hold,hold
2025-07-05 21:00:00,10.6315,10.935599999999999,0.007018014788029075,0.002846299810246755,buy,buy
2025-07-05 22:00:00,10.621,10.914200000000001,0.0067945536011972205,0.0009469696969697239,buy,buy
2025-07-05 23:00:00,10.609,10.893000000000002,0.006446071639012204,0.008563273073263655,hold,hold
2025-07-06 00:00:00,10.597,10.872,0.006310919491216226,0.014423076923076872,hold,hold
2025-07-06 01:00:00,10.581500000000002,10.852,0.006269594726390685,0.0019029495718363432,hold,hold
2025-07-06 02:00:00,10.56,10.8308,0.006316092630205343,-0.006635071090047462,buy,buy
2025-07-06 03:00:00,10.544500000000001,10.8094,0.006189711945946885,-0.0066225165562914245,hold,hold
2025-07-06 04:00:00,10.537,10.7896,0.006154169947130012,-0.0066225165562914245,hold,hold
2025-07-06 05:00:00,10.5295,10.7698,0.006031650639924794,-0.01037735849056598,hold,hold
2025-07-06 06:00:00,10.534,10.754000000000001,0.006387242640663127,0.005687203791469031,hold,hold
2025-07-06 08:00:00,10.541500000000001,10.7256,0.005556976836569401,0.012404580152671763,hold,hold
2025-07-06 09:00:00,10.546,10.7162,0.005554426536272792,0.010476190476190528,hold,hold
2025-07-06 10:00:00,10.551,10.706199999999999,0.005132615505963777,0.01619047619047609,hold,hold
2025-07-06 11:00:00,10.5655,10.6988,0.005836313269905661,0.0324118207816968,sell,sell
2025-07-06 12:00:00,10.5795,10.6942,0.005747448396715603,0.021677662582469504,sell,sell
2025-07-06 13:00:00,10.6005,10.691600000000001,0.0058850146093716435,0.025328330206378924,sell,sell
2025-07-06 14:00:00,10.623000000000001,10.689,0.006116163721011679,0.022620169651272448,sell,sell
2025-07-06 15:00:00,10.6375,10.685799999999999,0.006176195029816285,0.017907634307257503,sell,sell
2025-07-06 16:00:00,10.65,10.6826,0.006176806854875906,0.012183692596063889,sell,sell
2025-07-06 17:00:00,10.6585,10.6796,0.006211849281352378,-0.008310249307479256,sell,sell
2025-07-06 18:00:00,10.6625,10.676200000000001,0.006058266418748418,-0.017527675276752697,hold,hold
2025-07-06 19:00:00,10.6635,10.6714,0.005747378843218377,-0.02836230558096986,hold,hold
2025-07-06 20:00:00,10.669,10.668199999999999,0.005746383524320086,-0.01751152073732709,sell,sell
2025-07-06 21:00:00,10.681999999999999,10.668999999999999,0.006223934014234746,-0.0009259259259261077,sell,sell
2025-07-06 22:00:00,10.695,10.6676,0.006323411884623181,-0.005555555555555647,sell,sell
2025-07-06 23:00:00,10.702,10.663999999999998,0.006622685496802128,-0.009310986964618184,hold,hold
2025-07-07 00:00:00,10.706,10.6576,0.0066549142490103545,-0.0065727699530516714,hold,hold
2025-07-07 01:00:00,10.7095,10.6534,0.00665484286435252,-0.005649717514124131,hold,hold
2025-07-07 02:00:00,10.7095,10.6488,0.006633494704309877,-0.004690431519699834,sell,sell
2025-07-07 03:00:00,10.707,10.645199999999999,0.006627749373909746,-0.016682113067655213,sell,sell
2025-07-07 04:00:00,10.705,10.641000000000002,0.006683452776319489,-0.01582867783985098,hold,hold
2025-07-07 05:00:00,10.7025,10.635399999999999,0.0066834015870031885,-0.007518796992481258,hold,hold
2025-07-07 06:00:00,10.6965,10.630600000000001,0.00624986267928384,-0.002835538752362865,hold,hold
2025-07-07 07:00:00,10.688,10.627,0.006547582225230843,0.009469696969697017,sell,sell
2025-07-07 08:00:00,10.678,10.6216,0.006484442151921984,0.002827521206409056,sell,sell
2025-07-07 09:00:00,10.66,10.616800000000001,0.00662798820150902,-0.0037700282752120007,hold,hold
2025-07-07 10:00:00,10.644,10.6144,0.00654897711556283,-0.0037842951750237663,hold,hold
2025-07-07 11:00:00,10.629999999999999,10.612,0.005653035129472325,-0.0037878787878788955,hold,hold
2025-07-07 12:00:00,10.615,10.611600000000001,0.005636413457445016,-0.004739336492891044,hold,hold
2025-07-07 15:00:00,10.588,10.608200000000002,0.006978510061142913,-0.014191106906338735,hold,hold
2025-07-07 16:00:00,10.574,10.6044,0.006987387884274748,-0.01424501424501412,hold,hold
2025-07-07 18:00:00,10.539,10.598999999999998,0.006839335818653074,-0.007619047619047636,buy,buy
2025-07-07 19:00:00,10.5295,10.5978,0.0068682157901234055,-0.016933207902163794,hold,hold
2025-07-07 20:00:00,10.517999999999999,10.5968,0.007032897972293113,-0.006717850287907945,hold,hold
2025-07-07 21:00:00,10.51,10.5946,0.006568121443078561,-0.0019193857965450478,hold,hold
2025-07-07 22:00:00,10.498000000000001,10.591,0.006541623389066175,-0.0009633911368016612,hold,hold
2025-07-07 23:00:00,10.492999999999999,10.5898,0.0069899887766588335,0.009606147934678066,hold,hold
2025-07-08 00:00:00,10.4895,10.5884,0.006904787565986788,0.007677543186180413,hold,hold
2025-07-08 01:00:00,10.4795,10.583599999999999,0.007397372028303501,-0.008612440191387516,hold,hold
2025-07-08 03:00:00,10.4455,10.5726,0.007609771117458709,-0.011538461538461608,hold,hold
2025-07-08 04:00:00,10.4295,10.5694,0.007661628011012177,-0.004821600771455992,hold,hold
2025-07-08 06:00:00,10.4085,10.562999999999999,0.0077510051167624565,-0.017142857142857126,buy,buy
2025-07-08 07:00:00,10.402,10.561,0.007552883032944811,0.0028957528957529455,buy,buy
2025-07-08 08:00:00,10.3935,10.555399999999999,0.007613309859556241,0.007804878048780495,buy,buy
2025-07-08 09:00:00,10.381499999999999,10.55,0.007652823938628767,0.01070038910505855,buy,buy
2025-07-08 10:00:00,10.3835,10.547,0.007768191941051076,0.013565891472868241,hold,hold
2025-07-08 12:00:00,10.3945,10.5418,0.008006984943795785,0.023255813953488413,hold,hold
2025-07-08 13:00:00,10.403,10.536800000000001,0.00759265876792717,0.018286814244465877,hold,hold
2025-07-08 15:00:00,10.398,10.5168,0.0073386050726307085,-0.006737247353224229,buy,buy
2025-07-08 16:00:00,10.399000000000001,10.507200000000001,0.0073744307356028,-0.008604206500956169,buy,buy
2025-07-08 17:00:00,10.404,10.5012,0.007790706885629108,0.003824091778202643,hold,hold
2025-07-08 18:00:00,10.414,10.496599999999999,0.00789531022861168,0.0009469696969697239,hold,hold
2025-07-08 19:00:00,10.4125,10.491399999999999,0.008093969710578745,-0.009451795841209809,buy,buy
2025-07-08 20:00:00,10.4085,10.486799999999999,0.007929616970165847,-0.002870813397129135,buy,buy
2025-07-08 21:00:00,10.413499999999999,10.4836,0.007907584678731813,0.013565891472868241,buy,buy
2025-07-08 22:00:00,10.422,10.4788,0.007926181927362223,0.004821600771456103,buy,buy
2025-07-08 23:00:00,10.4285,10.471200000000001,0.007406149502102826,-0.008571428571428563,buy,buy
2025-07-09 00:00:00,10.432500000000001,10.464400000000001,0.007406180833423456,-0.016083254493850507,buy,buy
2025-07-09 01:00:00,10.432,10.4586,0.006947757869414484,-0.012404580152671874,buy,buy
2025-07-09 02:00:00,10.433,10.4538,0.006576922117946117,-0.007677543186180413,buy,buy
2025-07-09 03:00:00,10.4305,10.4494,0.006554840914445876,-0.01147227533460815,buy,buy
2025-07-09 04:00:00,10.434999999999999,10.445599999999999,0.006692944047141278,0.0,buy,buy
2025-07-09 05:00:00,10.439,10.4428,0.006716242695179114,0.0057636887608070175,buy,buy
2025-07-09 06:00:00,10.442,10.4418,0.006705921902970276,0.011538461538461497,buy,buy
2025-07-09 07:00:00,10.4455,10.441200000000002,0.006585089326809133,0.017391304347825987,buy,buy
2025-07-09 10:00:00,10.449499999999999,10.4376,0.006276122182973694,0.015355086372360827,buy,buy
2025-07-09 11:00:00,10.4665,10.439400000000001,0.006437934941960882,0.018147086914995114,buy,buy
2025-07-09 12:00:00,10.4835,10.443,0.006223301221039631,0.018060836501901267,buy,buy
2025-07-09 13:00:00,10.491,10.445599999999999,0.006342838587052727,0.01139601139601143,buy,buy
2025-07-09 14:00:00,10.489,10.4462,0.006257739653274212,-0.0018957345971565287,buy,buy
2025-07-09 15:00:00,10.489500000000001,10.443399999999999,0.005715754929398981,-0.004743833017077703,buy,buy
2025-07-09 16:00:00,10.497,10.446399999999999,0.0058305640628062575,-0.000945179584120992,buy,buy
2025-07-09 17:00:00,10.498500000000002,10.447799999999999,0.005508312658435251,-0.015947467166979368,buy,buy
2025-07-09 18:00:00,10.5085,10.4526,0.0059194317295690945,-0.008403361344538007,buy,buy
2025-07-09 19:00:00,10.5365,10.463799999999999,0.008673276083915868,0.030046948356807546,buy,buy
2025-07-09 21:00:00,10.5925,10.483799999999999,0.00867197352349973,0.04480457578646346,buy,buy
2025-07-09 22:00:00,10.627500000000001,10.4976,0.008645318518739136,0.044465468306527756,buy,buy
2025-07-10 00:00:00,10.682,10.519200000000001,0.009281917673340394,0.021657250470809908,buy,buy
2025-07-10 01:00:00,10.703,10.526799999999998,0.009180099851430987,-0.007292616226071136,buy,buy
2025-07-10 02:00:00,10.7265,10.536599999999998,0.009263143931956848,0.007332722273143855,buy,buy
2025-07-10 04:00:00,10.778,10.566600000000001,0.009196430381655596,0.0036231884057971175,buy,buy
2025-07-10 05:00:00,10.8015,10.581199999999999,0.009359500278131138,0.0009090909090909705,buy,buy
2025-07-10 06:00:00,10.828,10.597000000000001,0.00945307372319821,0.023963133640553025,buy,buy
2025-07-10 07:00:00,10.848500000000001,10.611200000000002,0.009527064578691399,0.016528925619834656,buy,buy
2025-07-10 08:00:00,10.8705,10.6278,0.009583376169518156,0.01455868971792551,hold,hold
2025-07-10 09:00:00,10.8915,10.641399999999999,0.009759253880994509,0.0036264732547597323,buy,buy
2025-07-10 10:00:00,10.9205,10.657,0.009757945321460128,0.0027075812274368616,buy,buy
2025-07-10 11:00:00,10.947999999999999,10.67,0.009829625206711637,0.0027247956403269047,buy,buy
2025-07-10 12:00:00,10.97,10.681000000000001,0.009841595619284767,-0.009000900090008979,buy,buy
2025-07-10 13:00:00,10.995999999999999,10.692,0.009739204088256407,-0.005420054200542035,buy,buy
2025-07-10 14:00:00,11.014,10.700400000000002,0.009405295873452442,-0.015246636771300448,buy,buy
2025-07-10 15:00:00,11.011,10.707,0.009486184064758839,-0.014453477868112019,buy,buy
2025-07-10 16:00:00,11.0255,10.721999999999998,0.010712574362450867,0.008100810081008047,buy,buy
2025-07-10 17:00:00,11.0485,10.744000000000002,0.01103899921227146,0.034420289855072506,buy,buy
2025-07-10 18:00:00,11.064499999999999,10.763800000000002,0.011015782147794532,0.031789282470481295,buy,buy
2025-07-10 20:00:00,11.110499999999998,10.7978,0.009031159950776984,0.041894353369763104,buy,buy
2025-07-10 21:00:00,11.159,10.8254,0.011478028889086772,0.08707607699358388,buy,buy
2025-07-10 22:00:00,11.213,10.8584,0.011824834446053213,0.07767857142857149,hold,hold
2025-07-10 23:00:00,11.267,10.891399999999999,0.011720077308232373,0.060420315236427324,buy,buy
2025-07-11 00:00:00,11.313,10.923,0.011454709299295802,0.05633802816901423,buy,buy
2025-07-11 01:00:00,11.3775,10.9608,0.012208996069471683,0.08561341571050307,buy,buy
2025-07-11 02:00:00,11.4405,11.000200000000001,0.012179700749054506,0.08129370629370625,hold,hold
2025-07-11 03:00:00,11.5075,11.041400000000001,0.012181970236684353,0.04637436762225966,hold,hold
2025-07-11 04:00:00,11.5835,11.088,0.012608458281824645,0.049710024855012414,hold,hold
2025-07-11 05:00:00,11.666,11.1356,0.012355413223104269,0.050371593724195085,hold,hold
2025-07-11 06:00:00,11.738,11.178199999999999,0.012955342918164567,0.04583333333333339,hold,hold
2025-07-11 07:00:00,11.8085,11.2178,0.013113620024533337,0.012195121951219301,hold,hold
2025-07-11 08:00:00,11.8925,11.261199999999999,0.013429923292307468,0.025869037995149613,hold,hold
2025-07-11 09:00:00,11.9805,11.306000000000001,0.01315628774668028,0.029008863819500297,hold,hold
2025-07-11 10:00:00,12.068999999999999,11.35,0.013240248628101692,0.006314127861089203,hold,hold
2025-07-11 11:00:00,12.156,11.3922,0.013305310206311956,-0.005503144654088077,hold,hold
2025-07-11 13:00:00,12.31,11.481399999999999,0.013188094797117024,0.03855421686746996,sell,sell
2025-07-11 14:00:00,12.389999999999999,11.526399999999999,0.013069303025873483,0.021276595744680993,sell,sell
2025-07-11 15:00:00,12.4575,11.567,0.014078395896967952,-0.007047768206734473,sell,sell
2025-07-11 16:00:00,12.530000000000001,11.6142,0.013593460758447445,0.01098039215686275,sell,sell
2025-07-11 17:00:00,12.584999999999999,11.663599999999999,0.013277404497298544,0.02450592885375502,sell,sell
2025-07-11 18:00:00,12.627500000000001,11.710600000000001,0.013209204177471427,0.011746280344557603,sell,sell
2025-07-11 19:00:00,12.666,11.758400000000002,0.013221659099352278,-0.003866976024748614,sell,sell
2025-07-11 20:00:00,12.699499999999999,11.7994,0.013905086657266408,-0.022376543209876587,sell,sell
2025-07-11 21:00:00,12.7075,11.8292,0.012717460532562981,-0.017350157728706517,hold,hold
2025-07-11 22:00:00,12.703,11.8566,0.01269939758384287,-0.04732350659425921,hold,hold
2025-07-11 23:00:00,12.7,11.884400000000001,0.012729275260289732,-0.047067901234567944,hold,hold
2025-07-12 00:00:00,12.681000000000001,11.9094,0.01261396021059762,-0.04876160990712075,hold,hold
2025-07-12 01:00:00,12.6765,11.942,0.012843384762989995,-0.01940993788819878,hold,hold
2025-07-12 02:00:00,12.683,11.978600000000002,0.012821796259507098,0.0007892659826360671,hold,hold
2025-07-12 03:00:00,12.693,12.013800000000002,0.012832424002866579,0.015248796147672605,hold,hold
2025-07-12 04:00:00,12.677,12.041400000000001,0.01291555235441382,0.0073289902280129215,hold,hold
2025-07-12 06:00:00,12.6545,12.1006,0.01291323648154728,0.02522375915378361,hold,hold
2025-07-12 07:00:00,12.653,12.1328,0.012795752779151818,-0.0007917656373714888,hold,hold
2025-07-12 08:00:00,12.644499999999999,12.1626,0.012168112453246883,-0.006309148264984188,hold,hold
2025-07-12 09:00:00,12.638,12.197199999999999,0.012542379030548884,0.011857707509881354,sell,sell
2025-07-12 10:00:00,12.629000000000001,12.229800000000001,0.012542356920654552,0.03314470493128541,sell,sell
2025-07-12 12:00:00,12.6155,12.292200000000001,0.01262800049116485,-0.0031746031746030523,hold,hold
2025-07-12 13:00:00,12.59,12.3204,0.012410393910173855,-0.01347068145800312,hold,hold
2025-07-12 14:00:00,12.561,12.346999999999998,0.012469810558930455,-0.020634920634920673,hold,hold
2025-07-12 15:00:00,12.517,12.366799999999998,0.012927771933185265,-0.0625,buy,buy
2025-07-12 16:00:00,12.4855,12.388,0.012362097135086106,-0.0579029733959312,buy,buy
2025-07-12 17:00:00,12.476,12.4152,0.013051981193584977,-0.03689167974882268,hold,hold
2025-07-12 18:00:00,12.4765,12.437000000000001,0.013073470115121659,-0.021496815286624282,buy,buy
2025-07-12 20:00:00,12.466,12.47,0.013236189440234731,-0.01944894651539708,buy,buy
2025-07-12 21:00:00,12.45,12.489600000000001,0.013404046936733548,0.025833333333333375,hold,hold
2025-07-12 22:00:00,12.432,12.507200000000001,0.013067396476422575,0.023255813953488413,hold,hold
2025-07-12 23:00:00,12.414,12.515799999999999,0.013024430463433028,0.0016299918500406463,hold,hold
2025-07-13 00:00:00,12.411,12.5206,0.012989113327078158,0.0016273393002441683,hold,hold
2025-07-13 01:00:00,12.408,12.5266,0.011741867689242845,0.006488240064882467,hold,hold
2025-07-13 02:00:00,12.3985,12.5348,0.011701818107822712,0.025619834710743916,buy,buy
2025-07-13 03:00:00,12.388,12.536999999999999,0.011698285889016639,0.008123476848090894,buy,buy
2025-07-13 05:00:00,12.366499999999998,12.540799999999999,0.01111091684619006,0.01057770545158676,buy,buy
2025-07-13 06:00:00,12.352,12.5372,0.01095544473156761,0.01462225832656383,buy,buy
2025-07-13 07:00:00,12.343499999999999,12.5342,0.011035522539157521,0.012892828364222453,buy,buy
2025-07-13 08:00:00,12.338000000000001,12.5322,0.01120032170666985,0.003223207091055613,buy,buy
2025-07-13 09:00:00,12.3345,12.5308,0.010686924182390898,-0.002417405318291599,buy,buy
2025-07-13 10:00:00,12.333499999999999,12.523400000000002,0.010710971161159365,-0.018326693227091684,buy,buy
2025-07-13 11:00:00,12.3595,12.5184,0.011294013604659337,0.008051529790660261,buy,buy
2025-07-13 12:00:00,12.3845,12.514199999999999,0.010929173793081955,0.004003202562049557,buy,buy
2025-07-13 13:00:00,12.4005,12.513,0.01079439117289514,0.0015910898965791898,hold,hold
2025-07-13 14:00:00,12.4135,12.5086,0.010641843697858956,0.008032128514056325,hold,hold
2025-07-13 15:00:00,12.4215,12.4998,0.008876715509194817,0.008885298869143687,hold,hold
2025-07-13 16:00:00,12.4375,12.489,0.008992237699434158,0.008116883116883189,hold,hold
2025-07-13 17:00:00,12.4475,12.4856,0.008270311369999462,-0.0007987220447284171,hold,hold
2025-07-13 18:00:00,12.464,12.480799999999999,0.008536016480293146,0.00877192982456143,sell,sell
2025-07-13 19:00:00,12.4795,12.473600000000001,0.008588620988346746,0.000794281175536149,sell,sell
2025-07-13 20:00:00,12.499500000000001,12.469399999999998,0.007639156309669567,0.012749003984063645,sell,sell
2025-07-13 22:00:00,12.497,12.453800000000001,0.008639525818965845,-0.004830917874396157,hold,hold
2025-07-14 00:00:00,12.4905,12.455599999999999,0.008652517834469775,-0.018181818181818188,hold,hold
2025-07-14 01:00:00,12.499,12.4604,0.008938103378165273,-0.0007936507936507908,sell,sell
2025-07-14 02:00:00,12.510000000000002,12.468800000000002,0.009118428409300121,0.0,sell,sell
2025-07-14 03:00:00,12.526,12.474,0.009498796458499546,0.038678485092667136,sell,sell
2025-07-14 04:00:00,12.5565,12.481599999999998,0.00959062443743038,0.05663430420711979,sell,sell
2025-07-14 05:00:00,12.575,12.4836,0.010652284921733087,0.02739726027397249,sell,sell
2025-07-14 06:00:00,12.594,12.4902,0.010655852766168615,0.02254428341384851,sell,sell
2025-07-14 07:00:00,12.612,12.498399999999998,0.010949051917496637,0.023034154090548098,sell,sell
2025-07-14 08:00:00,12.621,12.500800000000002,0.011085217554127407,0.0007867820613689513,sell,sell
2025-07-14 09:00:00,12.6265,12.5024,0.0110113383382153,-0.014740108611326685,sell,sell
2025-07-14 10:00:00,12.6395,12.5066,0.011038177430972273,-0.019142419601837712,sell,sell
2025-07-14 11:00:00,12.658,12.507800000000001,0.010610230920402775,0.008627450980392082,sell,sell
2025-07-14 12:00:00,12.678999999999998,12.508999999999999,0.010624231779006014,0.011023622047244164,sell,sell
2025-07-14 13:00:00,12.693000000000001,12.51,0.010650940436739214,-0.006987577639751663,hold,hold
2025-07-14 14:00:00,12.689,12.5102,0.011241844036814878,-0.011792452830188704,sell,sell
2025-07-14 15:00:00,12.68,12.5096,0.011470093725365988,-0.022047244094488105,hold,hold
2025-07-14 16:00:00,12.67,12.513000000000002,0.01150530922629527,-0.023419203747072626,hold,hold
2025-07-14 17:00:00,12.6715,12.5218,0.011469909323015585,-0.03265940902021769,hold,hold
2025-07-14 18:00:00,12.667,12.526399999999999,0.011521519544415182,-0.04439252336448596,hold,hold
2025-07-14 19:00:00,12.661000000000001,12.526800000000001,0.011520014187295067,-0.03909304143862391,hold,hold
2025-07-14 20:00:00,12.655,12.527000000000001,0.01134204929809567,-0.021479713603818618,hold,hold
2025-07-14 22:00:00,12.628499999999999,12.5338,0.010369880572713803,-0.007194244604316502,hold,hold
2025-07-14 23:00:00,12.6035,12.5354,0.01035100955094249,-0.004019292604501512,hold,hold
2025-07-15 00:00:00,12.561,12.533199999999999,0.010763120032626649,-0.004889975550122161,buy,buy
2025-07-15 01:00:00,12.5325,12.530999999999999,0.010323294084249469,-0.008950366151342481,buy,buy
2025-07-15 02:00:00,12.505,12.527800000000003,0.010061775165529719,-0.012195121951219523,buy,buy
2025-07-15 03:00:00,12.4665,12.5218,0.009469183362654676,-0.019433198380566785,buy,buy
2025-07-15 04:00:00,12.4445,12.519200000000001,0.009531965726264401,-0.011272141706924366,buy,buy
2025-07-15 05:00:00,12.4225,12.516200000000001,0.008392491278729472,-0.01049233252623094,buy,buy
2025-07-15 07:00:00,12.358500000000001,12.5046,0.007981140225470496,-0.0049261083743842304,buy,buy
2025-07-15 09:00:00,12.2875,12.4876,0.007805551239711643,0.0016515276630884035,buy,buy
2025-07-15 10:00:00,12.2685,12.4824,0.007622048410755039,-0.007328990228013033,buy,buy
2025-07-15 11:00:00,12.259,12.4794,0.007602008681945505,-0.002446982055464897,buy,buy
2025-07-15 12:00:00,12.248999999999999,12.479199999999999,0.007802524233834838,0.0032599837000815146,buy,buy
2025-07-15 13:00:00,12.253,12.4792,0.008673050840094374,0.03300330033003296,hold,hold
2025-07-15 14:00:00,12.2475,12.4716,0.009859362569767046,0.0066225165562914245,buy,buy
2025-07-15 15:00:00,12.263000000000002,12.4718,0.012220003976467893,0.03874690849134366,buy,buy
2025-07-15 16:00:00,12.291500000000001,12.478200000000001,0.012877037578271779,0.05578342904019684,buy,buy
2025-07-15 17:00:00,12.3285,12.4902,0.013181008200738111,0.070318887980376,buy,buy
2025-07-15 19:00:00,12.3825,12.509400000000001,0.013044963456286553,0.031150159744409045,buy,buy
2025-07-15 20:00:00,12.423,12.5168,0.013105765398467688,0.07072368421052633,buy,buy
2025-07-15 21:00:00,12.469999999999999,12.5272,0.013145793431844402,0.041269841269841345,buy,buy
2025-07-15 22:00:00,12.524,12.5376,0.013184936292678124,0.027972027972028135,buy,buy
2025-07-15 23:00:00,12.59,12.558,0.013372466958680287,0.025974025974025983,hold,hold
2025-07-16 00:00:00,12.6495,12.5802,0.012815066760944193,0.03775038520801233,hold,hold
2025-07-16 02:00:00,12.7545,12.616200000000001,0.013772105021285204,0.011520737327189057,hold,hold
2025-07-16 03:00:00,12.809999999999999,12.629000000000001,0.013697902462352368,0.00838414634146356,hold,hold
2025-07-16 05:00:00,12.916500000000003,12.643799999999999,0.013693098080381098,-0.023082650781831804,buy,buy
2025-07-16 07:00:00,13.016,12.655800000000001,0.013302437591163986,-0.017830609212481474,buy,buy
2025-07-16 08:00:00,13.0575,12.6646,0.01337712535629476,-0.002277904328018221,buy,buy
2025-07-16 10:00:00,13.139499999999998,12.678999999999998,0.01339271723742485,-0.00302571860816947,buy,buy
2025-07-16 11:00:00,13.173499999999999,12.6906,0.01342064594653695,0.012195121951219523,buy,buy
2025-07-16 12:00:00,13.194999999999999,12.7004,0.01341078013523048,0.00833965125094771,buy,buy
2025-07-16 13:00:00,13.211000000000002,12.7114,0.013136321540996981,0.01437216338880476,buy,buy
2025-07-16 14:00:00,13.2375,12.7248,0.011286061525090846,0.028158295281582868,hold,hold
2025-07-16 16:00:00,13.279,12.7528,0.009627039283471537,0.023520485584218598,hold,hold
2025-07-16 17:00:00,13.311000000000002,12.779599999999999,0.009842115679459288,0.03614457831325302,hold,hold
2025-07-16 18:00:00,13.3345,12.8034,0.009687400482780007,0.03007518796992481,hold,hold
2025-07-16 20:00:00,13.360499999999998,12.8576,0.009789252593275668,0.02072538860103612,hold,hold
2025-07-16 21:00:00,13.382,12.889599999999998,0.009779663004830625,0.0467219291635268,hold,hold
2025-07-16 22:00:00,13.405000000000001,12.916200000000002,0.010592641086490934,0.010378057820607856,hold,hold
2025-07-16 23:00:00,13.419999999999998,12.9398,0.010306550380957118,-0.016715116279069853,hold,hold
2025-07-17 00:00:00,13.4395,12.963600000000001,0.010356246081681767,-0.006569343065693456,hold,hold
2025-07-17 01:00:00,13.449000000000002,12.982000000000001,0.01133245789592377,-0.023477622890682337,buy,buy
2025-07-17 02:00:00,13.4575,13.005,0.010420507878822635,-0.031182015953589493,buy,buy
2025-07-17 03:00:00,13.456999999999999,13.025600000000003,0.01065856574009473,-0.048956083513318926,buy,buy
2025-07-17 04:00:00,13.463999999999999,13.0482,0.0107116327378909,-0.025678650036683903,buy,buy
2025-07-17 05:00:00,13.482,13.075999999999999,0.011073258824961563,-0.0022172949002217113,buy,buy
2025-07-17 06:00:00,13.501,13.101599999999998,0.011060451037847256,-0.0036737692872886862,buy,buy
2025-07-17 07:00:00,13.513000000000002,13.126800000000001,0.011090004746867055,0.01577761081893314,buy,buy
2025-07-17 08:00:00,13.5285,13.153599999999999,0.011042245091774943,0.018712574850299424,buy,buy
2025-07-17 09:00:00,13.551499999999999,13.1886,0.011601971037237868,0.049962149886449536,buy,buy
2025-07-17 10:00:00,13.563999999999998,13.222199999999997,0.011786997872068437,0.03614457831325302,buy,buy
2025-07-17 11:00:00,13.584,13.253,0.01184133381782936,0.012592592592592489,buy,buy
2025-07-17 12:00:00,13.607,13.2882,0.012474173088241216,0.028761061946902533,hold,hold
2025-07-17 13:00:00,13.613,13.3212,0.012481649911238804,0.026627218934911268,buy,buy
2025-07-17 14:00:00,13.626000000000001,13.3542,0.012451324326979337,0.02571638501102136,hold,hold
2025-07-17 15:00:00,13.642999999999997,13.383199999999999,0.011764490904970617,0.007209805335256059,hold,hold
2025-07-17 16:00:00,13.638499999999999,13.414000000000001,0.012135070787167515,-0.0043604651162790775,hold,hold
2025-07-17 17:00:00,13.6405,13.4406,0.011928062440850729,0.019019751280175523,hold,hold
2025-07-17 18:00:00,13.657499999999999,13.4626,0.011889113501310793,0.0014336917562725038,hold,hold
2025-07-17 19:00:00,13.668000000000001,13.475600000000002,0.012354662073745653,-0.01008645533141217,hold,hold
2025-07-17 22:00:00,13.744500000000002,13.5336,0.011870862603036443,0.028467153284671642,sell,sell
2025-07-17 23:00:00,13.785499999999999,13.551799999999998,0.011788117721367102,0.007178750897343766,sell,sell
2025-07-18 00:00:00,13.833000000000002,13.571800000000001,0.012041710408877259,0.018611309949892574,sell,sell
2025-07-18 01:00:00,13.874,13.5896,0.010927249680131389,0.04221251819505101,sell,sell
2025-07-18 02:00:00,13.9055,13.604,0.011204743044604726,0.024548736462093768,sell,sell
2025-07-18 04:00:00,13.987,13.6466,0.011044848514954136,0.02767920511000721,sell,sell
2025-07-18 05:00:00,14.0305,13.676799999999998,0.011118787863969345,0.050605844618674345,sell,sell
2025-07-18 06:00:00,14.072,13.7042,0.011472695976783995,0.025298664792691383,sell,sell
2025-07-18 07:00:00,14.104500000000002,13.728200000000001,0.012243925616394195,0.0,sell,sell
2025-07-18 08:00:00,14.119,13.749199999999998,0.012316740049746637,0.0035236081747709314,sell,sell
2025-07-18 09:00:00,14.144500000000003,13.7726,0.0119158100770481,0.007703081232493192,sell,sell
2025-07-18 10:00:00,14.168000000000001,13.798399999999999,0.011742541619395721,-0.0034530386740332375,sell,sell
2025-07-18 11:00:00,14.1805,13.82,0.012105652302798867,-0.035278154681139706,sell,sell
2025-07-18 12:00:00,14.221499999999997,13.8468,0.012147631634233883,-0.00479780671692942,sell,sell
2025-07-18 13:00:00,14.245500000000002,13.8694,0.012220508535504722,0.006284916201117374,sell,sell
2025-07-18 14:00:00,14.248,13.883799999999999,0.013507645055518927,-0.015449438202247201,sell,sell
2025-07-18 15:00:00,14.252500000000001,13.8922,0.0137978605928654,-0.03891591382904802,hold,hold
2025-07-18 17:00:00,14.261500000000002,13.9146,0.012829377809079124,-0.016877637130801704,hold,hold
2025-07-18 18:00:00,14.242999999999999,13.9192,0.013374012669245736,-0.05509641873278226,hold,hold
2025-07-18 19:00:00,14.226500000000001,13.918000000000001,0.012947310096491443,-0.04927133934767525,hold,hold
2025-07-18 23:00:00,14.097000000000003,13.906400000000001,0.012680687501678436,-0.02217453505007161,hold,hold
2025-07-19 00:00:00,14.0435,13.901999999999997,0.01275846448699903,-0.022594752186588907,buy,buy
2025-07-19 02:00:00,13.9365,13.902999999999999,0.013059762546455975,0.011086474501108778,buy,buy
2025-07-19 03:00:00,13.919999999999998,13.9166,0.013881597360310137,0.02792064658339455,hold,hold
2025-07-19 04:00:00,13.911000000000001,13.9306,0.013583643923067736,0.032305433186490484,hold,hold
2025-07-19 05:00:00,13.888499999999999,13.9452,0.013029733427699215,0.01975128017556682,hold,hold
2025-07-19 06:00:00,13.8625,13.957799999999999,0.012919741915124449,0.03728560775540646,hold,hold
2025-07-19 07:00:00,13.839500000000001,13.963,0.012580065864576214,0.01850481125092518,hold,hold
2025-07-19 08:00:00,13.798000000000002,13.965600000000002,0.01257357035420662,0.0007309941520468044,buy,buy
2025-07-19 09:00:00,13.761500000000002,13.968799999999998,0.012309825303420096,-0.022158684774839177,buy,buy
2025-07-19 10:00:00,13.742500000000001,13.9694,0.012267851023207363,-0.02987197724039825,buy,buy
2025-07-19 11:00:00,13.729499999999998,13.963400000000002,0.012005691561754272,-0.02654232424677183,buy,buy
2025-07-19 12:00:00,13.7155,13.961000000000002,0.011085051522114218,-0.019410496046010084,buy,buy
2025-07-19 13:00:00,13.6945,13.958799999999998,0.011056744275632862,-0.014534883720930147,buy,buy
2025-07-19 14:00:00,13.679000000000002,13.948000000000002,0.009934759357918568,-0.020452885317750136,buy,buy
2025-07-19 15:00:00,13.675999999999998,13.943200000000001,0.010325416667064675,-0.0029239766081871066,buy,buy
2025-07-19 16:00:00,13.690999999999999,13.9406,0.01065121610521074,0.013929618768328433,buy,buy
2025-07-19 17:00:00,13.6995,13.9368,0.010627619371532407,0.015475313190862039,buy,buy
2025-07-19 18:00:00,13.718,13.942600000000002,0.010370055656228372,0.0256598240469208,buy,buy
2025-07-19 19:00:00,13.742,13.947000000000001,0.010576526125832823,0.043510324483775786,buy,buy
2025-07-19 20:00:00,13.776500000000002,13.9496,0.010221897392043048,0.05145413870246074,buy,buy
2025-07-19 21:00:00,13.804000000000002,13.956,0.010223778941875476,0.030791788856304958,buy,buy
2025-07-19 22:00:00,13.824000000000002,13.960600000000001,0.010222778828895397,0.018076644974692746,buy,buy
2025-07-19 23:00:00,13.8325,13.9664,0.010250105417183752,0.027576197387518153,buy,buy
2025-07-20 00:00:00,13.8325,13.9658,0.00946924832987246,0.005003573981415377,buy,buy
2025-07-20 01:00:00,13.8405,13.9672,0.009400593394576483,-0.0035335689045936647,buy,buy
2025-07-20 02:00:00,13.852499999999997,13.9656,0.009127956308787856,0.0035460992907800915,buy,buy
2025-07-20 03:00:00,13.870999999999999,13.961799999999998,0.007941126879626666,0.004978662873399653,buy,buy
2025-07-20 04:00:00,13.897499999999999,13.9624,0.007980014942587056,0.009943181818181879,buy,buy
2025-07-20 06:00:00,13.9575,13.9576,0.007897659103260323,0.011379800853485111,buy,buy
2025-07-20 07:00:00,13.999,13.950800000000001,0.007832911864087924,0.021276595744680993,buy,buy
2025-07-20 08:00:00,14.0525,13.953199999999999,0.008639440946220135,0.03957597173144878,buy,buy
2025-07-20 09:00:00,14.120000000000001,13.965,0.008860137142645129,0.05520169851380041,buy,buy
2025-07-20 10:00:00,14.192499999999999,13.9774,0.008874374674566905,0.04500703234880432,buy,buy
2025-07-20 11:00:00,14.260499999999999,13.989599999999998,0.008747125586733401,0.04895104895104896,hold,hold
2025-07-20 12:00:00,14.314000000000002,13.999,0.009020717231935118,0.047819971870604716,buy,buy
2025-07-20 13:00:00,14.377500000000001,14.0156,0.008869092415651798,0.04513888888888884,hold,hold
2025-07-20 14:00:00,14.426999999999998,14.0248,0.008471063097744537,0.018354860639021142,hold,hold
2025-07-20 15:00:00,14.481,14.041200000000002,0.008441884356322201,0.021462105969148215,hold,hold
2025-07-20 16:00:00,14.534,14.064,0.008402293941055617,0.020188425302826385,hold,hold
2025-07-20 17:00:00,14.582999999999998,14.088199999999999,0.00861201864273619,0.002666666666666595,hold,hold
2025-07-20 18:00:00,14.63,14.110199999999999,0.008304340637798821,0.00805369127516764,hold,hold
2025-07-20 19:00:00,14.6745,14.1316,0.008108475501682451,0.0,hold,hold
2025-07-20 20:00:00,14.722500000000002,14.1576,0.008063759327726364,0.002670226969292422,hold,hold
2025-07-20 21:00:00,14.769,14.184199999999999,0.00799116419985966,-0.013131976362442566,hold,hold
2025-07-20 22:00:00,14.8045,14.210799999999999,0.00849441489981955,-0.01978891820580475,buy,buy
2025-07-20 23:00:00,14.847500000000002,14.238399999999999,0.008570476264098188,-0.0033244680851063357,hold,hold
2025-07-21 00:00:00,14.882,14.264199999999999,0.008494460656854328,-0.007323568575232975,hold,hold
2025-07-21 01:00:00,14.91,14.288,0.008576811662314783,-0.012624584717608078,buy,buy
2025-07-21 02:00:00,14.953,14.3214,0.00895191792530968,0.003994673768308976,hold,hold
2025-07-21 04:00:00,15.017500000000002,14.3856,0.009663622206763428,0.01682368775235532,sell,sell
2025-07-21 05:00:00,15.0255,14.4072,0.009697641222489325,0.005336891260840471,sell,sell
2025-07-21 06:00:00,15.044500000000003,14.430800000000001,0.009717222005025467,0.02213279678068414,sell,sell
2025-07-21 07:00:00,15.0615,14.458799999999998,0.009529888992523704,0.032301480484522305,sell,sell
2025-07-21 08:00:00,15.076999999999998,14.4848,0.008897016793376868,0.008620689655172376,sell,sell
2025-07-21 09:00:00,15.081999999999999,14.512599999999999,0.008568683593829729,-0.009156311314584609,sell,sell
2025-07-21 10:00:00,15.095500000000001,14.5438,0.008604750381596823,0.009265387160820593,sell,sell
2025-07-21 11:00:00,15.093,14.5738,0.00849128904791317,0.007299270072992581,hold,hold
2025-07-21 12:00:00,15.096499999999997,14.605599999999999,0.008366670299524611,-0.0006561679790025865,sell,sell
2025-07-21 13:00:00,15.113,14.641599999999999,0.008327023199935007,0.001955671447196883,sell,sell
2025-07-21 14:00:00,15.141000000000002,14.680399999999999,0.008628907435843417,0.024326101249178222,sell,sell
2025-07-21 15:00:00,15.153,14.715,0.008960525584673851,0.009240924092409175,sell,sell
2025-07-21 16:00:00,15.156,14.748399999999998,0.009358609356507468,-0.011147540983606596,hold,hold
2025-07-21 17:00:00,15.1685,14.781199999999998,0.00959287054245964,0.006587615283267345,sell,sell
2025-07-21 18:00:00,15.179999999999998,14.806400000000002,0.009956163462001693,-0.009192383453709874,hold,hold
2025-07-21 19:00:00,15.178999999999998,14.8302,0.01008616204712963,-0.026024723487312884,hold,hold
2025-07-21 20:00:00,15.184000000000001,14.8506,0.010094513171704336,-0.03658536585365857,hold,hold
2025-07-21 21:00:00,15.196000000000002,14.8696,0.010167684497371198,-0.012426422498364897,hold,hold
2025-07-21 22:00:00,15.199000000000002,14.8904,0.009873013598035472,0.003978779840848823,hold,hold
2025-07-21 23:00:00,15.1915,14.912,0.009728191259845738,-0.009162303664921434,hold,hold
2025-07-22 00:00:00,15.186499999999999,14.9306,0.009834422800200493,-0.005301524188204065,hold,hold
2025-07-22 01:00:00,15.198999999999998,14.9538,0.010632493463845821,0.023380093520374068,hold,hold
2025-07-22 02:00:00,15.187999999999999,14.973000000000003,0.011045948576759342,0.0006662225183211579,hold,hold
2025-07-22 03:00:00,15.169999999999998,14.990599999999999,0.01064124178718139,-0.007947019867549643,hold,hold
2025-07-22 04:00:00,15.136000000000001,14.998200000000002,0.01202380803317363,-0.04029062087186275,buy,buy
2025-07-22 05:00:00,15.107,15.007,0.012053068704747214,-0.03764861294583888,buy,buy
2025-07-22 06:00:00,15.0795,15.0166,0.011954963923805155,-0.020652898067954784,hold,hold
2025-07-22 07:00:00,15.0495,15.0222,0.011904562271908017,-0.04830287206266315,hold,hold
2025-07-22 08:00:00,15.012,15.0274,0.01187115077493014,-0.03595206391478023,buy,buy
2025-07-22 09:00:00,14.9715,15.0306,0.011960028122158352,-0.028037383177570097,hold,hold
2025-07-22 10:00:00,14.933499999999999,15.0328,0.01250335830004214,0.019958706125258185,hold,hold
2025-07-22 11:00:00,14.915000000000001,15.033,0.012580330333269411,0.024021962937542884,sell,sell
2025-07-22 12:00:00,14.901000000000002,15.0318,0.01263876671064558,0.006802721088435382,sell,sell
2025-07-22 13:00:00,14.866,15.023400000000002,0.012739271681477513,0.0,sell,sell
2025-07-22 14:00:00,14.859500000000002,15.0246,0.013627626188654138,0.03314917127071837,sell,sell
2025-07-22 15:00:00,14.855500000000001,15.021400000000002,0.013160134419741162,0.022664835164835084,sell,sell
2025-07-22 16:00:00,14.850999999999999,15.020199999999999,0.012888477558316232,0.006747638326585648,sell,sell
2025-07-22 17:00:00,14.837,15.012,0.012612022295657537,-0.006702412868632712,sell,sell
2025-07-22 18:00:00,14.8285,15.008199999999999,0.012578548359368317,0.011486486486486536,sell,sell
2025-07-22 19:00:00,14.806999999999999,15.001600000000002,0.012969763716976633,0.008916323731138709,sell,sell
2025-07-22 20:00:00,14.802000000000001,14.999399999999998,0.013279380362696437,-0.0033422459893048817,sell,sell
2025-07-22 21:00:00,14.788500000000003,14.999400000000001,0.013365943981314207,0.01074546675621213,sell,sell
2025-07-22 22:00:00,14.788499999999999,14.999400000000001,0.013358738649107886,0.006702412868632601,sell,sell
2025-07-22 23:00:00,14.801000000000002,15.003400000000001,0.01367112965907634,0.027665317139001333,sell,sell
2025-07-23 00:00:00,14.819999999999999,15.0044,0.014246844295013352,-0.004008016032064132,sell,sell
2025-07-23 01:00:00,14.8405,15.0042,0.013589445555685154,0.018354860639021142,sell,sell
2025-07-23 02:00:00,14.853500000000002,15.0052,0.012992969862922765,0.0033534540576793948,sell,sell
2025-07-23 03:00:00,14.870499999999998,15.006400000000001,0.012993062167917178,-0.008637873754152925,sell,sell
2025-07-23 04:00:00,14.904500000000002,15.008,0.011718609216064216,0.009320905459387463,sell,sell
2025-07-23 05:00:00,14.930000000000001,15.0036,0.01182281808781543,-0.01050558108995403,sell,sell
2025-07-23 06:00:00,14.9375,15.0008,0.011823175223649911,0.004024144869215318,sell,sell
2025-07-23 07:00:00,14.9335,14.996199999999998,0.011840853925593541,-0.009345794392523366,sell,sell
2025-07-23 08:00:00,14.9425,14.991,0.011849489967674215,0.0013368983957218195,sell,sell
2025-07-23 09:00:00,14.940999999999999,14.9752,0.013311600881906803,-0.02479892761394098,sell,sell
2025-07-23 10:00:00,14.921000000000001,14.962200000000001,0.012763430800594925,-0.0395778364116095,sell,sell
2025-07-23 11:00:00,14.901999999999997,14.9494,0.012675450369780796,-0.03715992037159921,sell,sell
2025-07-23 12:00:00,14.865,14.927999999999999,0.013362900849964977,-0.052772211088844445,sell,sell
2025-07-23 13:00:00,14.818999999999999,14.9024,0.013606969671979354,-0.06334231805929913,sell,sell
2025-07-23 14:00:00,14.773000000000001,14.878800000000002,0.012559226688870424,-0.06208277703604803,hold,hold
2025-07-23 15:00:00,14.743500000000001,14.853800000000001,0.012642090749549946,-0.029553264604811114,hold,hold
2025-07-23 16:00:00,14.681999999999999,14.8158,0.013918256302453384,-0.06043956043956045,hold,hold
2025-07-23 17:00:00,14.618,14.785400000000003,0.014049439857485644,-0.0509993108201241,hold,hold
2025-07-23 19:00:00,14.491,14.7324,0.013881491640980745,-0.008633093525179936,hold,hold
2025-07-23 20:00:00,14.428,14.7036,0.013502278480026301,-0.028469750889679735,hold,hold
2025-07-23 21:00:00,14.364500000000001,14.6784,0.013331041835134607,-0.029036827195467296,hold,hold
2025-07-23 22:00:00,14.308000000000002,14.6548,0.013572365756811951,0.010964912280701844,hold,hold
2025-07-23 23:00:00,14.252500000000001,14.628999999999998,0.01307223323081964,0.002904865649963728,hold,hold
2025-07-24 00:00:00,14.193999999999999,14.606,0.012991511638370663,0.004307250538406304,sell,sell
2025-07-24 01:00:00,14.14,14.583,0.012912493537516261,0.015239477503628418,sell,sell
2025-07-24 02:00:00,14.088000000000003,14.5614,0.012912356032961998,0.02051282051282044,sell,sell
2025-07-24 03:00:00,14.0405,14.532800000000002,0.012912276962823793,0.013129102844638973,sell,sell
2025-07-24 05:00:00,13.907500000000002,14.470200000000002,0.0140543040584711,-0.044895003620564866,hold,hold
2025-07-24 06:00:00,13.8305,14.44,0.014135142033829458,-0.0693352394567549,buy,buy
2025-07-24 08:00:00,13.747500000000002,14.395199999999999,0.01614793631608605,-0.022972002871500363,hold,hold
2025-07-24 09:00:00,13.730500000000001,14.3748,0.015257459863093048,-0.023758099352051865,hold,hold
2025-07-24 10:00:00,13.7,14.354000000000001,0.015286316175670982,-0.01754385964912286,buy,buy
2025-07-24 11:00:00,13.676499999999999,14.335799999999999,0.015762203598991224,0.03487490523123582,hold,hold
2025-07-24 12:00:00,13.670000000000002,14.310400000000001,0.015202281020415888,0.04070660522273428,hold,hold
2025-07-24 13:00:00,13.654499999999999,14.281199999999998,0.014757800662340654,0.0029806259314457684,hold,hold
2025-07-24 14:00:00,13.657,14.264800000000001,0.01670944644688326,0.027185892725936966,sell,sell
2025-07-24 15:00:00,13.663,14.251199999999999,0.016711470599492798,0.025073746312684442,sell,sell
2025-07-24 16:00:00,13.661000000000001,14.224199999999998,0.01600791360892327,0.012648809523809534,hold,hold
2025-07-24 17:00:00,13.671000000000001,14.204600000000001,0.016588737245857965,0.01904761904761898,sell,sell
2025-07-24 18:00:00,13.6755,14.1846,0.016420945617157914,0.02730627306273048,sell,sell
2025-07-24 19:00:00,13.674000000000001,14.163799999999998,0.016401127008291685,0.023774145616641817,hold,hold
2025-07-24 20:00:00,13.6695,14.1424,0.0163592717713521,-0.005722460658083017,hold,hold
2025-07-24 22:00:00,13.642499999999998,14.0976,0.01658865711750605,0.006612784717119791,hold,hold
2025-07-24 23:00:00,13.625499999999999,14.0676,0.016730945755241786,-0.025880661394680038,hold,hold
2025-07-25 00:00:00,13.610499999999998,14.0348,0.016635285710271782,-0.0387931034482758,buy,buy
2025-07-25 01:00:00,13.627500000000001,14.0008,0.016841911720704705,-0.018142235123367212,hold,hold
2025-07-25 02:00:00,13.641499999999999,13.968599999999999,0.01713863014836,-0.043165467625899234,buy,buy
2025-07-25 03:00:00,13.632,13.933599999999998,0.017152161626210246,-0.0328947368421052,buy,buy
2025-07-25 04:00:00,13.622499999999999,13.902800000000003,0.017218773789290112,-0.020437956204379493,buy,buy
2025-07-25 05:00:00,13.607999999999999,13.8698,0.015698585395452384,-0.020664206642066474,buy,buy
2025-07-25 06:00:00,13.601499999999998,13.832799999999999,0.015448294265248883,-0.0052316890881913825,buy,buy
2025-07-25 07:00:00,13.584999999999999,13.7978,0.014096070426767967,-0.01552106430155209,buy,buy
2025-07-25 09:00:00,13.591,13.744200000000001,0.014730220677816035,0.037792894935752,hold,hold
2025-07-25 11:00:00,13.578,13.706000000000001,0.014287353668628702,0.04220045214770152,hold,hold
2025-07-25 12:00:00,13.5875,13.6908,0.014200811428416178,0.03681442524417733,hold,hold
2025-07-25 13:00:00,13.581,13.6762,0.014120906745417022,0.03453453453453448,hold,hold
2025-07-25 14:00:00,13.5465,13.6572,0.014139721168222128,-0.012686567164179152,buy,buy
2025-07-25 15:00:00,13.52,13.644199999999998,0.014138439966176974,-0.03495994173343042,buy,buy
2025-07-25 16:00:00,13.495000000000001,13.631200000000002,0.013783149217298814,-0.028281363306743912,buy,buy
2025-07-25 17:00:00,13.4785,13.6158,0.012923071215786973,-0.03470715835141003,buy,buy
2025-07-25 18:00:00,13.459999999999999,13.6088,0.01291347126031444,-0.034057971014492816,buy,buy
2025-07-25 19:00:00,13.45,13.6004,0.012804166876697182,-0.031204644412191618,buy,buy
2025-07-25 20:00:00,13.474,13.599,0.015023600108712953,0.04761904761904745,buy,buy
2025-07-25 22:00:00,13.5315,13.61,0.01472066216506304,0.045522388059701546,buy,buy
2025-07-25 23:00:00,13.568999999999999,13.6154,0.0145172532250995,0.04719101123595504,buy,buy
2025-07-26 00:00:00,13.601000000000003,13.62,0.014230118283062712,0.0547636909227307,buy,buy
2025-07-26 01:00:00,13.637,13.623600000000001,0.014166241117932014,0.04794007490636698,buy,buy
2025-07-26 02:00:00,13.675999999999998,13.625599999999999,0.013643831065664786,0.016594516594516717,buy,buy
2025-07-26 03:00:00,13.716999999999999,13.6286,0.013544139483277795,0.012168933428776008,buy,buy
2025-07-26 04:00:00,13.757,13.633999999999999,0.013326413872685617,0.013561741613133504,buy,buy
2025-07-26 05:00:00,13.782,13.640799999999999,0.013008205366854014,0.0178826895565094,buy,buy
2025-07-26 07:00:00,13.823999999999998,13.6726,0.01303180520149946,0.018584703359542543,buy,buy
2025-07-26 08:00:00,13.848499999999998,13.698,0.013014978469529143,0.01419446415897796,buy,buy
2025-07-26 09:00:00,13.878,13.717,0.01217791113564475,0.016265912305516217,buy,buy
2025-07-26 10:00:00,13.937000000000001,13.732999999999999,0.012168627846735008,0.014788732394366289,buy,buy
2025-07-26 12:00:00,14.041,13.7676,0.012205896425870427,0.009148486980999238,buy,buy
2025-07-26 13:00:00,14.087,13.78,0.012264026790183069,0.00140350877192974,buy,buy
2025-07-26 14:00:00,14.1375,13.7958,0.008520044915145146,0.0034989503149056578,buy,buy
2025-07-26 15:00:00,14.198999999999998,13.818200000000001,0.008930490367093117,0.014613778705636848,buy,buy
2025-07-26 16:00:00,14.233500000000001,13.829600000000001,0.008873037394588147,0.009715475364330262,buy,buy
2025-07-26 17:00:00,14.256499999999999,13.8402,0.009077994489915005,0.002779708130646208,buy,buy
2025-07-26 18:00:00,14.288499999999999,13.861,0.00933418397294078,0.021617852161785356,buy,buy
2025-07-26 19:00:00,14.344,13.884599999999999,0.010718713261403393,0.05746320953048345,hold,hold
2025-07-26 20:00:00,14.381,13.9022,0.009345976927824424,0.03207810320781035,buy,buy
2025-07-26 21:00:00,14.430999999999997,13.926400000000001,0.009515575359322194,0.028120713305898493,buy,buy
2025-07-26 22:00:00,14.4785,13.949200000000001,0.009515803785040376,0.03367697594501706,buy,buy
2025-07-26 23:00:00,14.521,13.9754,0.009546630107198136,0.038808038808038736,buy,buy
2025-07-27 00:00:00,14.557000000000002,13.9998,0.009650720224069839,0.018430034129692796,buy,buy
2025-07-27 02:00:00,14.633500000000002,14.060599999999999,0.009681440070811436,0.018243243243243112,buy,buy
2025-07-27 03:00:00,14.672,14.090399999999999,0.00976103529089627,0.002001334222815121,buy,buy
2025-07-27 05:00:00,14.766,14.170600000000002,0.010191186134894932,0.01867911941294187,buy,buy
2025-07-27 06:00:00,14.8065,14.206599999999998,0.010233308235514493,0.020107238605898248,buy,buy
2025-07-27 08:00:00,14.891,14.283400000000002,0.010303979301339217,0.00796284007962833,buy,buy
2025-07-27 09:00:00,14.930499999999999,14.3182,0.01052757076300457,0.0026631158455392434,buy,buy
2025-07-27 10:00:00,14.977500000000001,14.355799999999999,0.01083754296535324,0.0006548788474132206,buy,buy
2025-07-27 11:00:00,15.008000000000001,14.385,0.010946211676784254,-0.0052390307793058755,buy,buy
2025-07-27 12:00:00,15.047,14.4158,0.010960955337694794,0.007227332457292901,buy,buy
2025-07-27 13:00:00,15.084,14.4426,0.01118749644644074,-0.003939592908732803,buy,buy
2025-07-27 14:00:00,15.110000000000003,14.47,0.011188570184927712,-0.0013166556945358732,hold,hold
2025-07-27 15:00:00,15.113499999999998,14.497600000000002,0.010775756932399764,0.006640106241699861,hold,hold
2025-07-27 17:00:00,15.152000000000001,14.5792,0.010708218769684492,0.011849901250822859,sell,sell
2025-07-27 18:00:00,15.1685,14.618599999999999,0.010377946538164541,0.002609262883235486,sell,sell
2025-07-27 19:00:00,15.190000000000001,14.66,0.00851014114437344,0.016479894528675043,sell,sell
2025-07-27 20:00:00,15.2105,14.7,0.0075120984241503885,0.01054713249835193,sell,sell
2025-07-27 21:00:00,15.233500000000001,14.7402,0.007115587177613764,0.01319261213720302,sell,sell
2025-07-27 22:00:00,15.252500000000001,14.771999999999998,0.0071694232058344565,0.01711652402896635,sell,sell
2025-07-27 23:00:00,15.272500000000003,14.801000000000002,0.007137422607295818,0.003253090435914263,sell,sell
2025-07-28 00:00:00,15.277499999999998,14.828199999999999,0.007092162404487067,0.0,sell,sell
2025-07-28 01:00:00,15.273500000000002,14.8524,0.007558289267295146,-0.01491569390402081,sell,sell
2025-07-28 02:00:00,15.2785,14.8776,0.0074056561887474006,-0.000652315720808816,sell,sell
2025-07-28 03:00:00,15.288,14.906199999999998,0.007445299279995415,0.00390625,sell,sell
2025-07-28 04:00:00,15.309000000000001,14.9366,0.007097627895000193,0.01035598705501628,sell,sell
2025-07-28 05:00:00,15.341,14.9678,0.007161638383908921,0.018158236057068677,sell,sell
2025-07-28 06:00:00,15.381,15.0054,0.008491211337668196,0.046193884189980494,sell,sell
2025-07-28 07:00:00,15.4315,15.0448,0.008546468178176789,0.06649111257406193,sell,sell
2025-07-28 08:00:00,15.466,15.081,0.008939000859566401,0.04569190600522188,sell,sell
2025-07-28 09:00:00,15.514,15.118599999999999,0.008678275561331704,0.04604409857328129,sell,sell
2025-07-28 10:00:00,15.570999999999998,15.159,0.00850274827476594,0.04484304932735417,sell,sell
2025-07-28 11:00:00,15.614500000000001,15.1922,0.009277646618054768,0.021019108280254883,sell,sell
2025-07-28 12:00:00,15.645500000000002,15.2202,0.009704556094837455,-0.016791044776119257,sell,sell
2025-07-28 13:00:00,15.6615,15.246200000000002,0.009570943441630226,-0.031481481481481444,sell,sell
2025-07-28 14:00:00,15.6525,15.2632,0.011744467348575658,-0.051810237203495646,sell,sell
2025-07-28 15:00:00,15.633,15.278400000000001,0.011944247507821854,-0.06819590824550525,sell,sell
2025-07-28 16:00:00,15.616,15.2914,0.011943478298813195,-0.08093194359288769,sell,sell
2025-07-28 17:00:00,15.593499999999997,15.298,0.011684271436517669,-0.06986899563318782,sell,sell
2025-07-28 18:00:00,15.561499999999999,15.303199999999999,0.0117344315794738,-0.06325110689437063,sell,sell
2025-07-28 19:00:00,15.529999999999998,15.310400000000001,0.011691262267566515,-0.0573613766730402,sell,sell
2025-07-28 20:00:00,15.496,15.3112,0.011707101518228992,-0.03291639236339694,sell,sell
2025-07-28 21:00:00,15.470499999999998,15.302999999999999,0.011683544003080049,-0.02328675981370587,sell,sell
2025-07-28 22:00:00,15.433499999999999,15.298599999999999,0.01160752285331654,-0.02735156771180791,sell,sell
2025-07-28 23:00:00,15.391500000000002,15.2904,0.011617235068291275,-0.02213279678068414,sell,sell
2025-07-29 00:00:00,15.3345,15.279000000000002,0.011666040144173485,-0.022957461174881844,sell,sell
2025-07-29 01:00:00,15.264500000000002,15.2652,0.01166733127126962,-0.033130493576740916,hold,hold
2025-07-29 02:00:00,15.174499999999998,15.2524,0.011433669225098567,-0.02791014295439076,hold,hold
2025-07-29 03:00:00,15.0945,15.2464,0.012417927669632983,-0.00544959128065392,sell,sell
2025-07-29 04:00:00,15.02,15.2356,0.012033197356537226,-0.003429355281207136,sell,sell
2025-07-29 05:00:00,14.964500000000001,15.2356,0.014087784554563254,0.030178326474622708,sell,sell
2025-07-29 06:00:00,14.906,15.232999999999999,0.013146428742267721,0.046302695231513535,sell,sell
2025-07-29 07:00:00,14.866499999999998,15.232399999999998,0.013119522929073573,0.06573426573426566,sell,sell
2025-07-29 08:00:00,14.8255,15.2278,0.013314320897694526,0.04971988795518212,sell,sell
2025-07-29 09:00:00,14.788499999999999,15.2222,0.013158409879363484,0.023972602739726012,sell,sell
2025-07-29 10:00:00,14.7625,15.211799999999998,0.013166752659157326,0.009635237439779898,sell,sell
2025-07-29 11:00:00,14.744499999999999,15.204,0.012902291249493008,-0.023302263648468657,sell,sell
2025-07-29 12:00:00,14.735,15.1944,0.012955904917330409,-0.022457067371202122,sell,sell
2025-07-29 13:00:00,14.718,15.182,0.01318684824274524,-0.04396325459317585,sell,sell
2025-07-29 14:00:00,14.6935,15.161799999999998,0.0120823238807685,-0.04469646430953966,sell,sell
2025-07-29 15:00:00,14.662,15.141599999999999,0.012101778147906243,-0.05284280936454844,hold,hold
2025-07-29 16:00:00,14.637,15.122,0.012136774435783267,-0.03271983640081799,hold,hold
2025-07-29 17:00:00,14.611500000000001,15.102199999999998,0.012119281493358423,-0.03408316291751878,hold,hold
2025-07-29 18:00:00,14.588,15.080599999999999,0.012088433043987892,-0.046621621621621756,sell,sell
2025-07-29 20:00:00,14.532,15.0244,0.012233993526439906,-0.023743016759776525,hold,hold
2025-07-29 21:00:00,14.526499999999999,14.9998,0.012717414306053812,0.0021186440677964935,sell,sell
2025-07-29 22:00:00,14.5185,14.9756,0.012687990868997303,-0.0049330514446793705,sell,sell
2025-07-29 23:00:00,14.493,14.9502,0.01268624217337958,-0.0056457304163726185,sell,sell
2025-07-30 00:00:00,14.466000000000003,14.921000000000001,0.012677065264579518,-0.00850460666194186,hold,hold
2025-07-30 02:00:00,14.37,14.87,0.012649793543120808,0.013590844062947083,hold,hold
2025-07-30 03:00:00,14.3135,14.848400000000002,0.011709310990736521,-0.005637773079633535,hold,hold
2025-07-30 05:00:00,14.232,14.7998,0.009504546597631829,0.010645848119233525,hold,hold
2025-07-30 06:00:00,14.206999999999999,14.770999999999999,0.009266506328452079,0.012866333095067795,hold,hold
2025-07-30 07:00:00,14.1765,14.738199999999999,0.009100926766919062,-0.000710732054015617,hold,hold
2025-07-30 08:00:00,14.139500000000002,14.697799999999999,0.008681276663317136,-0.007762879322512295,hold,hold
2025-07-30 09:00:00,14.1065,14.652000000000001,0.008835087419566262,-0.01417434443656973,hold,hold
2025-07-30 10:00:00,14.0815,14.607999999999999,0.008216641303518856,-0.01776830135039087,hold,hold
2025-07-30 11:00:00,14.051499999999999,14.556600000000001,0.008845913388497705,-0.047752808988763995,hold,hold
2025-07-30 12:00:00,14.026,14.503999999999998,0.008845196354475976,-0.034580098800282344,hold,hold
2025-07-30 13:00:00,14.003,14.4576,0.008506846996129466,-0.024893314366998598,hold,hold
2025-07-30 14:00:00,13.995500000000002,14.4206,0.008912822065887374,-0.007112375533428139,hold,hold
2025-07-30 15:00:00,13.992999999999999,14.3848,0.008679819703089403,-0.0007189072609633529,hold,hold
2025-07-30 16:00:00,13.991500000000002,14.36,0.0087061661522703,0.009406657018813158,hold,hold
2025-07-30 17:00:00,13.981,14.338999999999999,0.008723404839436913,0.030973451327433565,hold,hold
2025-07-30 18:00:00,13.954000000000002,14.310800000000002,0.010426933474055652,-0.007309941520467822,hold,hold
2025-07-30 19:00:00,13.940000000000001,14.288799999999998,0.010860214193498485,0.00729394602479938,hold,hold
2025-07-30 20:00:00,13.9305,14.268600000000001,0.010847126126878829,-0.011461318051575908,hold,hold
2025-07-30 22:00:00,13.878500000000003,14.222999999999999,0.010564058739935296,-0.027956989247311714,hold,hold
2025-07-30 23:00:00,13.858,14.203400000000002,0.01084078194346469,-0.02002861230329045,sell,sell
2025-07-31 00:00:00,13.848500000000001,14.189400000000001,0.011137929273814833,0.02209131075110471,sell,sell
2025-07-31 01:00:00,13.833000000000002,14.1764,0.01109676963321114,0.008689355539464039,sell,sell
2025-07-31 02:00:00,13.8295,14.168999999999999,0.011292863657453564,0.021739130434782483,sell,sell
2025-07-31 03:00:00,13.838,14.1676,0.011414326716627215,0.043255131964809346,sell,sell
2025-07-31 04:00:00,13.847,14.1668,0.011393348899275098,0.05014749262536866,sell,sell
2025-07-31 05:00:00,13.866500000000002,14.1608,0.011158232324604415,0.04379562043795637,sell,sell
2025-07-31 06:00:00,13.8995,14.1598,0.011376796378345108,0.04322766570605174,sell,sell
2025-07-31 07:00:00,13.9465,14.1494,0.011223904102308014,0.04091888011486011,sell,sell
2025-07-31 08:00:00,13.978,14.132800000000001,0.011604448078701653,0.014893617021276562,sell,sell
2025-07-31 09:00:00,14.013,14.116200000000001,0.01140375344400005,0.012649332396345692,sell,sell
2025-07-31 10:00:00,14.031,14.102800000000002,0.011396991420431563,0.00561797752808979,sell,sell
2025-07-31 11:00:00,14.053,14.0906,0.010541977603280121,0.002797202797202747,sell,sell
2025-07-31 12:00:00,14.068999999999999,14.0826,0.01054857055219818,-0.014502762430939287,sell,sell
2025-07-31 13:00:00,14.075,14.0712,0.010913245473178233,-0.02758620689655178,sell,sell
2025-07-31 14:00:00,14.0825,14.0498,0.011650821145533617,-0.040531097134870686,sell,sell
2025-07-31 15:00:00,14.0845,14.0354,0.011775481480752657,-0.03886190145732138,sell,sell
2025-07-31 16:00:00,14.107000000000003,14.034,0.013167751456003556,-0.004888268156424624,sell,sell
2025-07-31 17:00:00,14.126999999999999,14.031600000000001,0.013547661656276657,-0.02092050209205021,sell,sell
2025-07-31 18:00:00,14.142,14.025,0.012420687454490934,-0.028731604765241725,sell,sell
2025-07-31 19:00:00,14.1435,14.016200000000001,0.012103221171723248,-0.026241134751773032,sell,sell
2025-07-31 20:00:00,14.132499999999999,14.007200000000001,0.012144762154215985,-0.0050983248361252675,sell,sell
2025-07-31 21:00:00,14.114499999999998,13.999600000000001,0.011985273607554955,-0.0202166064981949,sell,sell
2025-07-31 22:00:00,14.073000000000002,13.9854,0.012756073484010935,-0.06877192982456148,sell,sell
2025-07-31 23:00:00,14.0215,13.9656,0.012559312559663008,-0.05982905982905984,sell,sell
2025-08-01 00:00:00,13.9625,13.9444,0.012290658303662792,-0.057720057720057616,sell,sell
2025-08-01 01:00:00,13.903,13.9248,0.012295595879108365,-0.04515659140568107,sell,sell
2025-08-01 02:00:00,13.842500000000001,13.9104,0.012295624258035856,-0.02855051244509521,sell,sell
2025-08-01 03:00:00,13.779000000000002,13.893600000000001,0.012041659492263409,-0.025055268975681666,sell,sell
2025-08-01 04:00:00,13.7185,13.8722,0.012094021104873062,-0.012810851544837965,sell,sell
2025-08-01 05:00:00,13.648,13.85,0.012011219706641929,-0.015151515151515138,hold,hold
2025-08-01 06:00:00,13.581999999999999,13.828600000000002,0.0115252314490956,-0.004594180704441064,sell,sell
2025-08-01 07:00:00,13.514500000000002,13.803600000000001,0.011486473142332546,-0.009153318077803174,hold,hold
2025-08-01 08:00:00,13.4415,13.7764,0.011511983915586672,-0.03466465712132627,sell,sell
2025-08-01 09:00:00,13.376499999999998,13.751199999999999,0.011280641878226078,-0.03250188964474676,sell,sell
2025-08-01 10:00:00,13.3325,13.727,0.011416083856632283,-0.01908396946564883,sell,sell
2025-08-01 11:00:00,13.2865,13.7074,0.011565022030829371,-0.005384615384615432,sell,sell
2025-08-01 12:00:00,13.224,13.691,0.01172992629871275,0.0,sell,sell
2025-08-01 13:00:00,13.1565,13.673599999999999,0.012326082102699462,-0.023094688221709014,hold,hold
2025-08-01 14:00:00,13.123,13.663800000000002,0.014362191707333358,0.02966432474629177,sell,sell
2025-08-01 15:00:00,13.084999999999999,13.649,0.014505196668330668,0.013281249999999911,sell,sell
2025-08-01 16:00:00,13.038499999999999,13.624400000000001,0.013195135763659703,-0.009338521400778177,sell,sell
2025-08-01 17:00:00,12.993500000000001,13.5998,0.013017976760082418,-0.02010827532869297,sell,sell
2025-08-01 18:00:00,12.964000000000002,13.5744,0.012921672638022703,-0.024615384615384595,sell,sell
2025-08-01 19:00:00,12.9465,13.5518,0.013311434326708609,0.012608353033884967,sell,sell
2025-08-01 20:00:00,12.932999999999998,13.536,0.013308321508479473,-0.030326004548900665,sell,sell
2025-08-01 21:00:00,12.914000000000001,13.5144,0.013289553834451275,-0.018504240555127227,sell,sell
2025-08-01 22:00:00,12.872499999999999,13.4872,0.01333321518292128,-0.022780832678711782,hold,hold
2025-08-01 23:00:00,12.8385,13.465399999999999,0.013520303971445793,-0.009471191791633693,sell,sell
2025-08-02 00:00:00,12.815999999999999,13.4472,0.013538734132040672,-0.0023659305993690705,sell,sell
2025-08-02 01:00:00,12.8,13.4268,0.013518266895583431,-0.01322957198443575,sell,sell
2025-08-02 02:00:00,12.7835,13.4026,0.013210537479444624,-0.009382329945269663,hold,hold
2025-08-02 03:00:00,12.7705,13.3786,0.013275217248500214,0.0,sell,sell
2025-08-02 04:00:00,12.7685,13.352,0.013186054701127678,0.026527331189710512,sell,sell
2025-08-02 05:00:00,12.763,13.3212,0.013158953536425167,0.011155378486055634,sell,sell
2025-08-02 06:00:00,12.7405,13.2844,0.013895499239307028,-0.01976284584980237,hold,hold
2025-08-02 07:00:00,12.7285,13.2522,0.014822981128875054,0.0007886435331230235,hold,hold
2025-08-02 08:00:00,12.699499999999999,13.211000000000002,0.015178763539950485,-0.019731649565903675,hold,hold
2025-08-02 09:00:00,12.687999999999999,13.1702,0.015205261949493088,-0.02120974076983495,hold,hold
2025-08-02 10:00:00,12.6505,13.1328,0.015169350378449013,-0.02584181675802666,hold,hold
2025-08-02 11:00:00,12.626999999999999,13.0946,0.015142014617448992,-0.014972419227738287,hold,hold
2025-08-02 13:00:00,12.602999999999998,13.0198,0.014314240911086894,-0.01891252955082745,hold,hold
2025-08-02 15:00:00,12.5495,12.941600000000001,0.011407471878966248,-0.02166934189406111,buy,buy
2025-08-02 16:00:00,12.523,12.9122,0.010996435643492893,-0.014469453376205754,hold,hold
2025-08-02 17:00:00,12.49,12.876599999999998,0.011347825712185917,-0.034399999999999986,buy,buy
2025-08-02 18:00:00,12.4675,12.831399999999999,0.01137074757927931,-0.038492381716118684,buy,buy
2025-08-02 19:00:00,12.4465,12.793199999999999,0.011272094389619448,-0.02570281124497975,buy,buy
2025-08-02 20:00:00,12.428,12.761600000000001,0.011649007119807552,0.0008149959250203231,hold,hold
2025-08-02 21:00:00,12.4065,12.732000000000001,0.011632338171480749,0.004922067268252617,buy,buy
2025-08-02 22:00:00,12.385499999999999,12.703800000000001,0.010716733920842233,-0.0008156606851549286,buy,buy
2025-08-02 23:00:00,12.358,12.675999999999998,0.010570857392645483,0.009113504556752305,buy,buy
2025-08-03 00:00:00,12.334,12.656399999999998,0.01061305460103488,0.025020850708924014,buy,buy
2025-08-03 01:00:00,12.312000000000001,12.6374,0.010594049758478934,0.009892827699917506,buy,buy
2025-08-03 02:00:00,12.311499999999999,12.624,0.010912564363972182,0.00895765472312715,buy,buy
2025-08-03 04:00:00,12.291500000000001,12.5906,0.01082393199212636,0.0065306122448980375,buy,buy
2025-08-03 05:00:00,12.2855,12.572799999999999,0.010782054908021655,0.013136288998357948,buy,buy
2025-08-03 06:00:00,12.281,12.5578,0.009738702594401022,0.004882017900732283,buy,buy
2025-08-03 07:00:00,12.2745,12.5452,0.008371654615184866,0.009795918367346834,buy,buy
2025-08-03 08:00:00,12.272,12.5336,0.007226256113226818,0.002421307506053294,buy,buy
2025-08-03 09:00:00,12.2715,12.5226,0.007202732690306873,0.004846526655896577,buy,buy
2025-08-03 10:00:00,12.2865,12.5178,0.007503080801143282,0.019464720194647178,buy,buy
2025-08-03 11:00:00,12.3085,12.5144,0.007501826513543709,0.02350081037277163,buy,buy
2025-08-03 12:00:00,12.3305,12.511400000000002,0.007545317074459799,0.028340080971659853,buy,buy
2025-08-03 13:00:00,12.360499999999998,12.5062,0.0075573522685014,0.02425222312045272,buy,buy
2025-08-03 14:00:00,12.398,12.501,0.0068784334418584715,0.025764895330112836,buy,buy
2025-08-03 15:00:00,12.430499999999999,12.5028,0.0066624688927574794,0.027331189710610992,buy,buy
2025-08-03 16:00:00,12.455499999999999,12.494599999999998,0.006624955405067463,0.01670644391408116,buy,buy
2025-08-03 17:00:00,12.4845,12.491800000000001,0.005520086501234243,0.015835312747426666,buy,buy
2025-08-03 19:00:00,12.5685,12.505999999999998,0.005410362448332956,0.033938437253354437,buy,buy
2025-08-03 20:00:00,12.602999999999998,12.512,0.005609644235483602,0.01883830455259039,buy,buy
2025-08-03 21:00:00,12.64,12.514800000000001,0.005528591255555521,0.016431924882629234,buy,buy
2025-08-03 22:00:00,12.6695,12.518600000000001,0.00554570013597505,0.015649452269170583,buy,buy
2025-08-04 00:00:00,12.753499999999999,12.543,0.008099182342225932,0.030745580322828703,hold,hold
2025-08-04 01:00:00,12.7985,12.5568,0.008658577275778638,0.010687022900763399,buy,buy
2025-08-04 02:00:00,12.849,12.571000000000002,0.008574844569443255,0.02927580893682591,hold,hold
2025-08-04 04:00:00,12.9375,12.5952,0.008637187786778439,0.02234206471494593,hold,hold
2025-08-04 05:00:00,12.984,12.607999999999999,0.008668680371158342,0.030046224961479018,hold,hold
2025-08-04 06:00:00,13.022499999999999,12.6194,0.0087302656860454,-0.00521998508575694,hold,hold
2025-08-04 07:00:00,13.0565,12.6318,0.008797211975798127,0.005287009063444037,hold,hold
2025-08-04 08:00:00,13.085999999999999,12.649599999999998,0.008843888624940987,-0.0052395209580838875,hold,hold
2025-08-04 09:00:00,13.110500000000002,12.659,0.00921204873359898,-0.009781790820165503,buy,buy
2025-08-04 10:00:00,13.131499999999999,12.673799999999998,0.009060096168157616,-0.008289374529012794,buy,buy
2025-08-04 11:00:00,13.149000000000001,12.6872,0.009078968852445777,-0.017950635751682764,buy,buy
2025-08-04 12:00:00,13.169,12.702,0.009053574864825104,-0.01199400299850073,buy,buy
2025-08-04 13:00:00,13.2,12.720999999999998,0.009791544683270226,0.010518407212622094,hold,hold
2025-08-04 14:00:00,13.2165,12.738399999999999,0.010006956128498732,0.003762227238525151,hold,hold
2025-08-04 15:00:00,13.231,12.757200000000001,0.010010826453651112,0.01747720364741645,sell,sell
2025-08-04 16:00:00,13.259,12.7826,0.010173736961444154,0.028875379939209633,sell,sell
2025-08-04 17:00:00,13.284,12.808599999999998,0.010244689746987274,0.027418126428027323,hold,hold
2025-08-04 18:00:00,13.303999999999998,12.831,0.010125576917652958,0.015174506828528056,hold,hold
2025-08-04 19:00:00,13.322999999999999,12.8568,0.010065107126837919,-0.006691449814126393,sell,sell
2025-08-04 20:00:00,13.3405,12.8922,0.011441776283210922,0.03148425787106457,sell,sell
2025-08-04 21:00:00,13.3655,12.9244,0.011465343135989362,0.026138909634055185,sell,sell
2025-08-04 22:00:00,13.386000000000001,12.954199999999998,0.011445632948201976,0.016986706056129952,sell,sell
2025-08-04 23:00:00,13.4035,12.981999999999998,0.011695749735150916,0.01111934766493694,sell,sell
2025-08-05 00:00:00,13.416999999999998,13.0078,0.009795522270462917,0.01195814648729443,sell,sell
2025-08-05 01:00:00,13.424000000000001,13.0344,0.00941131711983326,0.011227544910179743,sell,sell
2025-08-05 02:00:00,13.4315,13.0584,0.00925771356896657,-0.019622093023255793,sell,sell
2025-08-05 03:00:00,13.428999999999998,13.078600000000002,0.009866807929600404,-0.03493449781659397,sell,sell
2025-08-05 04:00:00,13.426499999999999,13.0956,0.009866829813228452,-0.038489469862018844,sell,sell
2025-08-05 05:00:00,13.434000000000001,13.114199999999999,0.009802144973800074,-0.024193548387096753,sell,sell
2025-08-05 06:00:00,13.439000000000002,13.1328,0.009821095170440827,-0.020679468242245203,hold,hold
2025-08-05 07:00:00,13.4395,13.1488,0.00997947545043723,-0.02738712065136928,hold,hold
2025-08-05 08:00:00,13.4445,13.1674,0.010231110789673604,-0.015567086730911894,sell,sell
2025-08-05 09:00:00,13.449000000000002,13.1908,0.010750467394195256,0.02111613876319751,sell,sell
2025-08-05 10:00:00,13.4625,13.2146,0.01077626877456116,0.027945619335347338,sell,sell
2025-08-05 11:00:00,13.4745,13.238399999999999,0.010746878643978535,0.02404207362885047,sell,sell
2025-08-05 12:00:00,13.4745,13.2578,0.010863923280114617,0.02111613876319751,sell,sell
2025-08-05 13:00:00,13.483500000000001,13.2786,0.010231740984137207,0.04033485540334847,sell,sell
2025-08-05 14:00:00,13.477500000000001,13.2898,0.011891464093695528,-0.001506024096385561,hold,hold
2025-08-05 15:00:00,13.4605,13.296800000000001,0.012402708232103068,-0.03840472673559825,hold,hold
2025-08-05 16:00:00,13.424000000000001,13.3026,0.012132907466991426,-0.042615723732549626,hold,hold
2025-08-05 17:00:00,13.3965,13.310800000000002,0.012443083247018896,-0.03228173147468827,hold,hold
2025-08-05 20:00:00,13.2975,13.3178,0.010798836773204796,-0.02187028657616885,hold,hold
2025-08-05 21:00:00,13.262,13.3118,0.0110140783263552,-0.016897081413210335,hold,hold
2025-08-05 22:00:00,13.2315,13.309800000000001,0.011126230590674068,-0.011511895625479607,hold,hold
2025-08-05 23:00:00,13.215,13.308599999999998,0.011108701695305789,-0.019711902956785377,hold,hold
2025-08-06 00:00:00,13.1865,13.3024,0.011659539026171584,-0.030604437643458327,hold,hold
2025-08-06 01:00:00,13.156,13.296800000000001,0.011705227396112041,-0.017788089713843824,hold,hold
2025-08-06 02:00:00,13.125,13.281399999999998,0.011711587837844763,-0.025443330763299965,buy,buy
2025-08-06 03:00:00,13.097,13.2682,0.011316114283440966,-0.017187500000000022,buy,buy
2025-08-06 04:00:00,13.062999999999999,13.253,0.011341150390311867,-0.021739130434782705,buy,buy
2025-08-06 06:00:00,12.997499999999999,13.238599999999998,0.012412714663168326,0.022099447513812098,hold,hold
2025-08-06 07:00:00,12.9695,13.2326,0.012453568737540185,0.029133858267716528,hold,hold
2025-08-06 08:00:00,12.937999999999999,13.223999999999998,0.012467047121842172,0.02136075949367089,hold,hold
2025-08-06 10:00:00,12.885,13.2094,0.011637038582739637,0.024603174603174738,buy,buy
2025-08-06 11:00:00,12.878499999999999,13.203999999999999,0.011612701973910377,0.0,buy,buy
2025-08-06 13:00:00,12.845500000000001,13.189400000000001,0.011474663239007,-0.02065799540933433,buy,buy
2025-08-06 14:00:00,12.8475,13.187999999999999,0.011195277751285638,0.015491866769945739,buy,buy
2025-08-06 16:00:00,12.8595,13.175,0.011279097340406802,0.0030983733539891034,buy,buy
2025-08-06 17:00:00,12.872,13.168199999999999,0.011096831163076224,0.012412723041117069,buy,buy
2025-08-06 18:00:00,12.881,13.158600000000002,0.010941709032125903,0.023510971786833812,buy,buy
2025-08-06 19:00:00,12.886,13.1494,0.010715176037600405,0.017968749999999867,buy,buy
2025-08-06 21:00:00,12.916500000000003,13.1342,0.010343692266149854,-0.01592115238817282,buy,buy
2025-08-06 22:00:00,12.9345,13.119000000000002,0.010276961254721629,0.0038610038610038533,buy,buy
2025-08-06 23:00:00,12.951999999999998,13.1028,0.010315904004002266,-0.00919540229885063,buy,buy
