timestamp,open,high,low,close,volume,sma_20,sma_50,volatility,momentum,label,action
2025-06-21 19:00:00,81.71,81.9,80.5,81.02,42413.18,,,,,hold,hold
2025-06-22 03:00:00,80.39,80.75,80.1,80.51,6944.681,,,,0.015002521432173621,hold,hold
2025-06-22 21:00:00,78.45,78.9,77.91,78.15,10571.83,79.885,,0.008932874954424292,0.006309554468194811,buy,buy
2025-06-23 01:00:00,80.31,80.96,80.18,80.94,6323.516,79.7975,,0.009858827508483794,0.0354355891006779,buy,buy
2025-06-23 02:00:00,80.94,81.03,79.91,79.94,7949.529,79.70250000000001,,0.010164747562544403,0.019122896481386986,buy,buy
2025-06-23 07:00:00,80.7,81.15,80.7,81.04,14794.661,79.58500000000001,,0.010007073920228272,0.0012354830738818823,buy,buy
2025-06-23 08:00:00,81.04,81.25,80.82,80.93,8930.518,79.571,,0.01000530981596394,0.01238428821616222,buy,buy
2025-06-23 10:00:00,80.95,80.97,80.67,80.91,8823.487,79.76650000000001,,0.009466191227237325,0.007345617529880499,buy,buy
2025-06-23 11:00:00,80.91,81.04,80.51,80.8,8015.516,79.9235,,0.009468819394102879,0.0009910802775023875,buy,buy
2025-06-23 16:00:00,81.11,81.27,79.47,80.15,30402.158,80.6305,,0.007854350854933486,-0.009393152885922573,buy,buy
2025-06-23 17:00:00,80.15,82.05,79.94,81.99,24253.132,80.8225,,0.009009360383645583,0.014727722772277296,buy,buy
2025-06-24 01:00:00,84.99,85.38,84.79,85.01,7583.355,82.332,80.9596,0.008318542648296182,0.02360024081878387,hold,hold
2025-06-24 02:00:00,85.0,85.0,84.3,84.58,9185.073,82.52600000000001,81.0316,0.007890391384160197,0.012327947336923994,hold,hold
2025-06-24 15:00:00,84.42,84.73,83.99,84.36,13101.09,84.499,81.98299999999999,0.007964704569247756,-0.002718997517437094,hold,hold
2025-06-25 01:00:00,85.05,85.36,84.83,84.98,9706.287,84.66,83.2116,0.004217443281469495,0.005918560606060552,hold,hold
2025-06-25 02:00:00,84.98,85.25,84.76,84.86,6256.244,84.6495,83.30279999999999,0.004091330560186369,-0.003405754550792839,hold,hold
2025-06-25 07:00:00,85.02,85.47,84.92,85.18,18997.51,84.8,83.7674,0.003219678412989767,0.002353494939985934,hold,hold
2025-06-25 10:00:00,84.58,84.92,84.35,84.5,13307.627,84.8595,83.9956,0.003374669637938633,-0.007633587786259555,hold,hold
2025-06-25 16:00:00,84.13,84.49,83.98,84.13,10034.263,84.80449999999999,84.381,0.0034890694696443243,-0.004378698224852151,hold,hold
2025-06-25 19:00:00,84.53,84.97,84.5,84.83,7731.106,84.7585,84.5934,0.003569658619678553,-0.003524022083871703,hold,hold
2025-06-25 23:00:00,84.3,84.7,84.07,84.67,4444.218,84.6875,84.7068,0.0034089685235714506,0.0018932670689859599,hold,hold
2025-06-26 00:00:00,84.68,85.1,84.53,84.96,6049.834,84.678,84.7024,0.003445219144475104,0.005086951378208804,hold,hold
2025-06-26 01:00:00,84.95,85.55,84.66,85.02,10723.61,84.685,84.70459999999999,0.0034442182903334723,0.002239773664977074,hold,hold
2025-06-26 04:00:00,85.18,85.28,84.7,84.98,11354.803,84.6935,84.72059999999999,0.003447732054216069,0.00794686276835499,hold,hold
2025-06-26 13:00:00,84.5,84.66,84.06,84.19,12719.941,84.936,84.81020000000001,0.003428711489777276,-0.015436791018594409,hold,hold
2025-06-27 00:00:00,84.27,84.6,83.81,83.86,9544.719,84.7865,84.7894,0.004419365882144849,-0.0062803649721531185,hold,hold
2025-06-27 08:00:00,84.66,84.85,84.3,84.54,9932.789,84.713,84.79519999999998,0.005696008502854751,-0.005996472663139185,hold,hold
2025-06-27 17:00:00,84.53,84.6,83.28,83.54,9967.409,84.4825,84.693,0.005711487578094767,-0.010189573459715606,buy,buy
2025-06-27 18:00:00,83.53,83.7,83.17,83.47,9873.231,84.4395,84.6798,0.005697988567550445,-0.006664286564322275,buy,buy
2025-06-27 23:00:00,84.97,85.02,84.69,84.83,3419.644,84.44,84.68700000000001,0.005695001845043887,0.015441704572659809,hold,hold
2025-06-28 01:00:00,84.88,85.12,84.53,85.02,5387.287,84.425,84.7054,0.00478235394912213,0.01081916537867067,hold,hold
2025-06-28 14:00:00,85.55,85.84,85.55,85.73,6821.14,85.1745,84.7688,0.004105051425326679,0.005630498533724326,hold,hold
2025-06-28 16:00:00,86.49,87.21,86.44,86.74,16980.498,85.3945,84.84660000000002,0.004054544170887075,0.01237161531279174,hold,hold
2025-06-28 17:00:00,86.74,87.27,86.69,87.22,11671.95,85.506,84.89519999999999,0.0031260701824502067,0.02119189790422671,hold,hold
2025-06-29 12:00:00,86.79,86.8,86.52,86.73,5589.411,86.519,85.574,0.003511135080791305,-0.0003457814661134151,hold,hold
2025-06-29 15:00:00,86.54,87.0,86.4,86.63,11175.021,86.49249999999999,85.7264,0.0030612504244915506,-0.00115300357431114,hold,hold
2025-06-29 21:00:00,86.66,86.86,86.33,86.83,7217.537,86.6615,86.0684,0.0019496736774888656,0.0023086690522913234,hold,hold
2025-06-29 22:00:00,86.83,88.42,86.83,88.19,26252.693,86.7575,86.13780000000001,0.00368759413832793,0.01659942363112399,hold,hold
2025-06-30 14:00:00,85.34,85.53,84.76,84.93,19051.864,86.6275,86.55059999999999,0.004611466983367506,-0.009793634137810314,hold,hold
2025-06-30 21:00:00,86.49,87.12,86.39,86.86,14937.302,86.228,86.54180000000001,0.006083383698653465,0.010469986040018586,sell,sell
2025-06-30 22:00:00,86.86,87.11,86.4,86.42,10377.69,86.1725,86.55240000000002,0.005170726124643459,0.004299825682742675,sell,sell
2025-07-01 10:00:00,85.8,85.95,85.32,85.65,10125.046,86.22,86.48219999999999,0.005428744517197817,-0.0027942717429269015,hold,hold
2025-07-01 22:00:00,82.86,82.99,82.39,82.8,18817.094,84.9745,85.8844,0.004768208927983772,-0.01849217638691325,buy,buy
2025-07-02 05:00:00,84.14,84.31,84.03,84.2,11680.33,84.12750000000001,85.329,0.00478621494424775,0.011776015380918103,buy,buy
2025-07-02 15:00:00,85.58,86.21,85.54,86.17,21417.482,84.0625,85.046,0.004145991912185182,0.025467095085088598,buy,buy
2025-07-02 17:00:00,87.69,87.98,86.78,87.3,35681.392,84.4985,85.12780000000001,0.005480277729622977,0.03620178041543021,buy,buy
2025-07-03 00:00:00,87.32,87.6,87.09,87.38,13589.802,85.954,85.3048,0.005007343101117199,-0.0014855445091990216,hold,hold
2025-07-03 07:00:00,90.12,91.06,89.91,91.04,29842.874,87.617,85.6944,0.005526673803609952,0.04117108874656927,sell,sell
2025-07-03 09:00:00,90.78,92.29,90.62,92.04,84962.584,88.301,85.8968,0.005919885162555805,0.04579025110782875,sell,sell
2025-07-03 12:00:00,91.33,91.89,90.08,91.12,43819.862,89.0245,86.2228,0.006389926133730002,0.010984134028625414,hold,hold
2025-07-03 13:00:00,91.11,91.66,90.71,91.25,32686.586,89.22200000000001,86.3336,0.006353006456373403,0.002306678383128258,sell,sell
2025-07-05 00:00:00,86.84,87.1,86.61,86.81,8223.487,87.256,88.5636,0.005168706017819764,0.003699849693606261,hold,hold
2025-07-05 01:00:00,86.81,86.81,86.17,86.43,7922.344,87.136,88.5458,0.005143693013224982,0.0008105604446504433,hold,hold
2025-07-05 08:00:00,86.23,86.32,85.91,86.27,10964.106,86.6915,88.28,0.004213686565251651,-0.003350277264325352,hold,hold
2025-07-05 19:00:00,86.32,86.8,86.23,86.76,4996.386,86.53399999999999,87.359,0.003415917587906696,0.003121748178980255,hold,hold
2025-07-06 09:00:00,86.62,86.81,86.47,86.51,7803.143,86.9335,86.89040000000001,0.002962323405911346,-0.006203331418724756,hold,hold
2025-07-06 12:00:00,87.51,87.53,87.06,87.4,12387.878,87.0495,86.86039999999998,0.003391941112315107,0.004366812227074357,hold,hold
2025-07-06 19:00:00,87.45,87.58,87.28,87.53,4754.959,87.312,86.9312,0.003280458780241617,-0.005566916609861305,hold,hold
2025-07-06 20:00:00,87.54,87.68,87.5,87.58,4784.369,87.31800000000001,86.95300000000002,0.002910864504902034,-0.0052248977737392455,hold,hold
2025-07-07 06:00:00,87.75,87.9,87.49,87.55,4525.591,87.66799999999999,87.14939999999999,0.003062839379461526,0.0020602037312578148,hold,hold
2025-07-07 15:00:00,86.43,86.8,86.01,86.14,14891.056,87.375,87.26,0.0035648093677683127,-0.015542857142857192,hold,hold
2025-07-08 06:00:00,86.26,86.61,86.15,86.61,10782.832,86.1105,86.93939999999999,0.0038042131312186304,0.006858870030225672,hold,hold
2025-07-08 08:00:00,86.63,86.72,86.22,86.23,9999.343,86.076,86.918,0.0037528685576387394,0.005480410447761264,hold,hold
2025-07-08 20:00:00,87.32,87.47,87.01,87.01,7150.007,86.52149999999999,86.76,0.0034128474441129084,0.008694644099234816,buy,buy
2025-07-09 01:00:00,87.59,87.83,87.12,87.46,19006.06,86.946,86.76440000000001,0.003596927533144848,0.0016032982134677187,buy,buy
2025-07-09 02:00:00,87.46,87.78,87.34,87.68,6285.848,86.9995,86.77060000000002,0.0036127497062494,0.0077002643374324276,buy,buy
2025-07-09 03:00:00,87.68,87.79,87.4,87.58,5679.239,87.047,86.7752,0.0036163769585292487,-0.0004565167769916556,buy,buy
2025-07-09 04:00:00,87.58,87.88,87.53,87.88,6679.863,87.12950000000001,86.7784,0.0036507397211225446,0.0013673655423882547,buy,buy
2025-07-09 05:00:00,87.88,88.3,87.66,88.05,16652.701,87.226,86.7862,0.00362035846243959,0.0034188034188034067,buy,buy
2025-07-09 09:00:00,87.73,87.88,87.58,87.85,20267.824,87.47,86.7986,0.003513278606553697,0.003082895638273575,buy,buy
2025-07-09 11:00:00,88.03,88.48,87.97,88.36,17849.947,87.65799999999999,86.819,0.0034200914699956905,0.0035207268597388097,buy,buy
2025-07-09 12:00:00,88.37,88.88,88.36,88.72,29327.164,87.7635,86.8506,0.003314972619803453,0.007609312890403119,hold,hold
2025-07-09 17:00:00,88.66,88.86,88.29,88.36,25164.599,88.0615,87.0364,0.0028064375879273376,0.0,buy,buy
2025-07-09 21:00:00,90.58,91.21,90.4,90.47,45810.641,88.52850000000001,87.3788,0.0048235732750168386,0.022259887005649626,buy,buy
2025-07-09 23:00:00,91.25,91.41,90.56,90.61,13246.594,88.858,87.58059999999999,0.005325728979597923,0.02546401086464467,buy,buy
2025-07-10 01:00:00,90.2,90.9,90.19,90.78,6510.048,89.1105,87.7606,0.005490852398714266,0.00453690383976979,buy,buy
2025-07-10 08:00:00,90.97,91.4,90.89,91.14,8994.993,90.095,88.4444,0.005536580153986093,-0.0010960105217009408,buy,buy
2025-07-10 10:00:00,90.89,91.12,90.63,91.01,11657.057,90.333,88.625,0.005609569718461423,0.002865013774104641,buy,buy
2025-07-10 11:00:00,91.0,91.1,90.73,90.92,10944.031,90.454,88.721,0.005606795322621655,0.0030891438658429138,buy,buy
2025-07-10 16:00:00,91.2,92.14,91.16,91.79,51530.285,90.905,89.16879999999999,0.005688422198184556,0.008570486759696738,buy,buy
2025-07-10 19:00:00,92.58,92.9,92.3,92.55,13264.085,91.1775,89.5202,0.00407754599514827,0.020734531818683122,buy,buy
2025-07-11 00:00:00,94.86,94.93,93.57,94.09,28459.517,92.06550000000001,90.2078,0.005007078146435856,0.01631021818967393,hold,hold
2025-07-11 02:00:00,94.94,95.88,94.83,95.62,29230.208,92.518,90.5124,0.005214359625896139,0.027177999785154228,hold,hold
2025-07-11 08:00:00,94.91,95.53,94.87,95.35,27456.03,93.83950000000002,91.4224,0.005799579828414473,-0.0028236770550095214,hold,hold
2025-07-11 09:00:00,95.34,96.01,95.14,95.75,18859.02,94.0935,91.5756,0.0057264649324342285,0.0029328584895778054,hold,hold
2025-07-11 10:00:00,95.75,96.04,95.49,95.84,13942.404,94.337,91.738,0.005730179176978363,0.0015675619186958922,hold,hold
2025-07-11 13:00:00,95.89,97.3,95.7,96.92,37545.565,94.96849999999999,92.2184,0.006002913623529139,0.021285563751317182,sell,sell
2025-07-11 14:00:00,96.93,97.45,96.22,96.87,36419.117,95.183,92.3814,0.006039436468072401,0.015941269008914682,sell,sell
2025-07-11 15:00:00,96.86,98.32,96.28,96.65,88336.41,95.388,92.541,0.0061221590975423235,0.009399477806788514,sell,sell
2025-07-11 16:00:00,96.66,97.5,95.5,96.63,67843.55,95.56500000000001,92.70439999999999,0.006082629252986078,0.008242904841402332,sell,sell
2025-07-11 17:00:00,96.64,97.05,95.96,96.62,18806.686,95.6625,92.8668,0.0059051882330937305,0.0123637887678123,sell,sell
2025-07-11 18:00:00,96.61,97.8,96.6,97.67,23136.888,95.8,93.04679999999999,0.0061623303486244025,0.018456725755995773,sell,sell
2025-07-11 19:00:00,97.67,97.69,96.76,97.07,13218.481,95.911,93.221,0.006378719309146824,0.0015476681799422298,sell,sell
2025-07-11 20:00:00,97.06,97.2,95.8,95.83,24570.213,95.998,93.3682,0.006994648330847995,-0.010736037989057534,sell,sell
2025-07-12 14:00:00,92.56,93.02,91.56,91.77,20279.386,93.873,94.3708,0.007190397770246314,-0.013544018058690765,buy,buy
2025-07-12 15:00:00,91.77,91.93,90.75,91.14,28076.817,93.5765,94.3802,0.007252525220692976,-0.025969862135299726,buy,buy
2025-07-12 18:00:00,92.4,92.73,92.19,92.69,8213.669,93.21000000000001,94.4342,0.007327664230874,0.0006477383137213355,buy,buy
2025-07-12 19:00:00,92.7,92.91,92.46,92.84,10939.659,93.139,94.4382,0.007315138413314366,0.0030250648228176136,buy,buy
2025-07-12 20:00:00,92.85,92.86,91.91,91.92,7721.672,93.027,94.425,0.0071502876536170806,0.0016345210853221381,buy,buy
2025-07-13 05:00:00,93.65,94.37,93.64,94.05,20305.245,92.776,94.196,0.005369219384207265,0.013797563867629536,buy,buy
2025-07-13 07:00:00,94.18,94.56,94.14,94.37,6512.196,92.842,94.13439999999999,0.005377044351451002,0.00898107559071959,buy,buy
2025-07-13 09:00:00,94.63,94.8,93.96,94.27,5793.917,93.027,94.1174,0.005328294221789598,0.01245838255826448,buy,buy
2025-07-13 10:00:00,94.27,94.64,93.98,94.11,12325.135,93.14399999999999,94.0926,0.005325416331087282,0.004911906033101987,buy,buy
2025-07-13 16:00:00,96.15,96.63,95.46,95.53,14939.97,94.151,94.0122,0.004655211579712289,0.01508872595898425,hold,hold
2025-07-13 18:00:00,96.15,96.7,95.93,96.44,11595.712,94.511,93.99820000000001,0.0045022270692805745,0.013664073996216164,hold,hold
2025-07-14 03:00:00,95.62,97.08,95.5,96.79,26359.063,95.3345,93.99,0.005346758865499496,0.021638167616635062,sell,sell
2025-07-14 04:00:00,96.79,97.62,96.54,97.6,21347.942,95.48349999999999,94.04599999999999,0.005458412697684145,0.03521425540941858,sell,sell
2025-07-14 05:00:00,97.6,97.87,96.09,96.99,43520.637,95.61949999999999,94.08980000000001,0.0056646465013038124,0.025047558655675317,sell,sell
2025-07-14 07:00:00,96.34,97.43,96.3,97.18,20916.49,95.84799999999998,94.2368,0.0060914265135640555,0.021871713985278873,sell,sell
2025-07-14 09:00:00,96.33,97.78,96.08,97.01,29965.249,95.99199999999999,94.3766,0.006462688255952864,0.002272962082859875,sell,sell
2025-07-14 10:00:00,97.0,97.99,96.27,97.93,31737.899,96.103,94.4746,0.006644105217822424,0.003381147540983731,sell,sell
2025-07-14 11:00:00,97.94,97.96,96.76,96.98,23192.998,96.1445,94.5428,0.00689602035872032,-0.00010310341272290469,sell,sell
2025-07-14 12:00:00,96.99,97.27,96.43,96.88,16417.044,96.212,94.6046,0.006892158802254694,0.005500778412039553,sell,sell
2025-07-14 14:00:00,97.14,97.57,95.77,96.56,42268.165,96.26750000000001,94.7568,0.006991202875058093,0.0023876258694073282,sell,sell
2025-07-15 03:00:00,92.68,92.74,91.31,91.88,47249.874,95.5015,95.3532,0.007796784719021131,-0.03639223911903511,buy,buy
2025-07-15 04:00:00,91.88,92.76,91.2,92.71,22573.607,95.3205,95.33840000000001,0.007836817330255859,-0.03002720234358658,buy,buy
2025-07-15 05:00:00,92.72,92.99,92.38,92.7,13211.196,95.10499999999999,95.33019999999999,0.007795922179328263,-0.03074027603513174,buy,buy
2025-07-15 06:00:00,92.7,93.14,92.45,92.78,17571.167,94.8475,95.31280000000001,0.00774711178069041,-0.011190450815304231,buy,buy
2025-07-15 16:00:00,93.44,94.55,93.35,94.3,28924.224,93.3465,94.98299999999999,0.008111564158501805,0.014633096621476271,buy,buy
2025-07-15 18:00:00,95.55,96.34,94.05,95.33,44656.316,93.344,94.96699999999998,0.008258265374510843,0.02593628928110192,buy,buy
2025-07-16 09:00:00,96.49,97.7,96.48,97.59,34876.764,95.6215,95.0208,0.0074323867236207,0.022205928563946875,buy,buy
2025-07-16 10:00:00,97.58,97.64,96.82,96.89,12727.537,95.8655,95.03200000000001,0.007658389577946555,0.011483453387618692,buy,buy
2025-07-16 12:00:00,96.96,97.8,96.88,97.34,23562.699,96.193,95.01900000000002,0.007609298052438887,0.011534864387405142,buy,buy
2025-07-16 13:00:00,97.33,97.5,96.66,97.02,24051.212,96.2665,95.01979999999999,0.007562058722610062,0.006535947712418277,buy,buy
2025-07-16 16:00:00,96.85,98.0,96.53,97.95,29271.523,96.60499999999999,95.0584,0.006287450999715979,0.010940241510991822,buy,buy
2025-07-16 22:00:00,99.07,99.37,97.56,97.87,28045.64,97.3375,95.4508,0.006660410040739022,-0.0008167432363450633,buy,buy
2025-07-16 23:00:00,97.88,97.97,97.06,97.47,22776.288,97.4375,95.4932,0.006710358900441294,-0.018231265108783257,buy,buy
2025-07-17 04:00:00,96.12,96.69,95.9,96.6,13995.002,97.5865,95.74060000000001,0.006970161558474863,-0.012976397261673767,buy,buy
2025-07-17 07:00:00,98.39,98.5,97.46,98.21,26875.604,97.7355,96.08300000000001,0.0074665361238754994,0.01772020725388601,buy,buy
2025-07-17 10:00:00,100.75,100.9,99.49,100.09,31517.535,98.11749999999999,96.5166,0.008161174561942904,0.03612836438923406,buy,buy
2025-07-17 12:00:00,99.65,100.96,98.93,100.71,44390.482,98.3955,96.80619999999999,0.008444877835906254,0.02368367554380968,buy,buy
2025-07-17 13:00:00,100.71,100.94,98.2,99.76,55707.154,98.4195,96.948,0.008684643848171792,0.01578250687302729,buy,buy
2025-07-18 00:00:00,101.6,103.43,101.06,103.29,47983.401,100.5865,98.49960000000002,0.0081721628138087,0.01683402244536336,hold,hold
2025-07-18 03:00:00,104.47,107.79,103.89,107.79,132560.481,101.692,99.0346,0.009300421623574603,0.06061202400865895,sell,sell
2025-07-18 05:00:00,107.3,109.47,106.96,108.91,105669.759,102.5225,99.539,0.009595834240694521,0.07194881889763782,sell,sell
2025-07-18 06:00:00,108.91,110.2,107.84,108.8,87185.695,102.958,99.7992,0.009657602278324809,0.053344951108529326,sell,sell
2025-07-18 07:00:00,108.8,109.69,107.46,107.65,89758.563,103.3575,100.035,0.010055905602484832,0.032514866679455245,sell,sell
2025-07-18 08:00:00,107.65,109.76,107.57,108.64,94793.443,103.75399999999999,100.2832,0.01010232232208394,0.03991576529147123,sell,sell
2025-07-18 09:00:00,108.64,112.39,107.8,111.35,144055.6,104.3335,100.58239999999999,0.010522924142217532,0.03302718248446035,sell,sell
2025-07-18 10:00:00,111.35,111.37,108.68,109.88,74991.866,104.7895,100.8502,0.010895715029999942,0.024044734389562006,sell,sell
2025-07-18 11:00:00,109.89,110.09,108.1,108.48,65209.664,105.14949999999999,101.068,0.011302452086552462,-0.003948214121751836,sell,sell
2025-07-18 12:00:00,108.47,110.45,108.02,110.4,77247.76,105.59049999999999,101.33820000000001,0.011584624112871946,0.014705882352941346,sell,sell
2025-07-18 13:00:00,110.4,110.4,105.4,106.44,175803.837,105.8395,101.52799999999999,0.013927370153923074,-0.01124013005109159,sell,sell
2025-07-18 14:00:00,106.44,106.75,104.12,105.04,98853.382,106.0125,101.68199999999999,0.0142052510423841,-0.03313696612665684,sell,sell
2025-07-18 18:00:00,104.46,104.55,102.85,102.94,37521.126,106.5435,102.223,0.015125355324427195,-0.06757246376811599,hold,hold
2025-07-18 23:00:00,100.85,101.73,100.04,101.73,43295.796,105.87100000000001,102.495,0.015264839146074172,-0.026134405514072312,buy,buy
2025-07-19 02:00:00,101.18,101.98,100.39,101.77,21797.989,104.8,102.70439999999999,0.014957130561642622,0.0022651171951939553,buy,buy
2025-07-19 06:00:00,102.79,102.86,101.73,102.48,25043.217,103.4645,103.20139999999999,0.012963879122598252,0.01828298887122415,buy,buy
2025-07-19 07:00:00,102.48,103.23,102.36,102.72,41022.243,103.1765,103.2994,0.012878139495249682,0.015220399288396802,buy,buy
2025-07-19 08:00:00,102.73,102.99,101.62,102.03,21042.476,102.758,103.3724,0.012691827457537037,0.002554780387147515,buy,buy
2025-07-19 14:00:00,100.89,100.98,99.66,99.87,42350.05,101.7085,103.5482,0.007169235346520377,-0.02117024404586887,buy,buy
2025-07-19 16:00:00,101.19,102.1,101.06,101.88,25263.079,101.6705,103.5992,0.00706920278011073,0.002953337271116352,buy,buy
2025-07-19 18:00:00,101.81,104.17,101.68,103.74,78140.708,101.82849999999999,103.6532,0.007433245472675515,0.02267350157728698,buy,buy
2025-07-19 19:00:00,103.73,113.6,103.55,112.63,340862.664,102.37349999999999,103.8766,0.018832931214573228,0.11636435722073535,buy,buy
2025-07-19 20:00:00,112.64,113.91,111.26,111.37,140323.775,102.91,104.0724,0.018951476094085037,0.11514969460298397,buy,buy
2025-07-20 03:00:00,111.81,112.98,111.5,112.51,35473.233,106.45599999999999,105.5184,0.019044542609203425,-0.0002665718855517918,buy,buy
2025-07-21 01:00:00,118.23,118.26,115.84,117.27,43906.839,117.453,110.512,0.008820529033103451,-0.0014475476839237444,hold,hold
2025-07-21 06:00:00,119.09,121.27,119.03,120.7,55996.868,117.602,112.17099999999999,0.007860578176086005,0.02089148270320562,sell,sell
2025-07-21 07:00:00,120.69,122.0,119.85,120.7,67868.502,117.8285,112.52900000000001,0.0076397169462277745,0.02924874221881124,sell,sell
2025-07-21 08:00:00,120.7,121.23,119.76,120.28,38207.428,118.00450000000001,112.885,0.00721643189917045,0.0258422174840085,sell,sell
2025-07-21 09:00:00,120.27,120.59,118.64,119.13,31580.187,118.0875,113.2132,0.007179568052288108,0.015081799591001976,sell,sell
2025-07-21 13:00:00,116.72,118.11,116.26,117.94,40410.561,118.078,114.4924,0.007020824599478794,-0.022866611433305706,sell,sell
2025-07-21 19:00:00,115.32,116.11,114.56,115.18,44097.893,117.95450000000001,116.3618,0.007667466011568069,-0.0234017296930642,hold,hold
2025-07-21 22:00:00,115.16,116.13,115.02,116.0,11055.042,117.6385,116.73560000000002,0.007819556851201299,-0.005486968449931462,hold,hold
2025-07-22 05:00:00,114.2,116.67,114.1,115.37,66073.038,116.28400000000002,117.14439999999999,0.008804681792025626,-0.0005197955470848115,buy,buy
2025-07-22 06:00:00,115.37,116.38,114.82,115.38,35543.194,116.1345,117.1762,0.008237630611585486,0.006718436436611075,hold,hold
2025-07-22 08:00:00,115.28,115.28,112.59,114.02,91601.688,115.87249999999999,117.10459999999999,0.008432076647234896,-0.013838436256703113,buy,buy
2025-07-22 17:00:00,116.05,118.96,116.02,118.92,58329.1,115.3955,116.7266,0.011208545328189917,0.02871972318339111,sell,sell
2025-07-22 18:00:00,118.91,119.86,118.42,118.53,58933.115,115.522,116.7458,0.010848612826012868,0.024194245225956923,sell,sell
2025-07-22 19:00:00,118.53,119.34,116.85,116.93,31298.908,115.59700000000001,116.7184,0.0112498914527109,0.03295053003533566,sell,sell
2025-07-22 20:00:00,116.93,117.15,116.04,116.99,24512.344,115.71600000000001,116.6974,0.011249928890335586,0.011149524632670715,sell,sell
2025-07-22 21:00:00,116.99,118.56,116.72,118.55,32450.172,115.80149999999999,116.71960000000001,0.011534300423709691,0.023836255289748642,sell,sell
2025-07-22 22:00:00,118.55,118.55,117.92,118.05,19547.322,115.923,116.74,0.011512367057284765,0.01723395088323998,sell,sell
2025-07-22 23:00:00,118.05,119.82,117.9,119.65,24857.439,116.11749999999999,116.794,0.011729436330548607,0.006138580558358697,sell,sell
2025-07-23 01:00:00,117.98,121.88,117.45,121.05,75856.651,116.58999999999999,116.9032,0.012524935423920934,0.03523475583682534,sell,sell
2025-07-23 02:00:00,121.05,122.29,119.57,120.73,65392.083,116.85749999999999,116.9532,0.012299418458107449,0.03196854432002749,sell,sell
2025-07-23 03:00:00,120.74,121.52,119.73,119.98,50164.542,117.0925,117.0074,0.012409707059543832,0.012062420919443317,sell,sell
2025-07-23 04:00:00,119.97,120.28,119.34,120.02,19815.073,117.3925,117.06280000000001,0.012000003697123023,0.01668784413384161,sell,sell
2025-07-23 05:00:00,120.01,120.12,118.8,118.98,16833.171,117.649,117.0952,0.01206803662445786,-0.0055996656916005305,sell,sell
2025-07-23 06:00:00,118.98,119.1,117.43,117.99,44299.282,117.821,117.10179999999998,0.012227397891173615,8.476012883540385e-05,sell,sell
2025-07-23 07:00:00,117.99,119.1,116.88,117.61,39598.531,117.92150000000001,117.072,0.012252468799347754,-0.028418009087154084,sell,sell
2025-07-23 20:00:00,112.11,112.64,109.2,110.84,108135.808,116.204,116.0856,0.012190652546326418,-0.029507048419577853,buy,buy
2025-07-25 15:00:00,111.42,112.17,109.39,110.55,58495.044,112.3615,112.52199999999999,0.012126517789426429,-0.03483499214248309,buy,buy
2025-07-25 18:00:00,111.29,111.63,110.96,111.28,9350.049,112.0375,112.3804,0.011768311797021548,-0.03108402263822374,buy,buy
2025-07-25 23:00:00,113.65,113.86,113.27,113.78,10840.332,112.60900000000001,112.45859999999999,0.011570376543052664,0.022282120395328064,hold,hold
2025-07-26 12:00:00,113.63,114.25,113.3,113.86,8570.551,113.08500000000001,112.77599999999998,0.008868473335860029,0.00645275346946006,hold,hold
2025-07-26 13:00:00,113.86,114.71,113.62,114.28,17777.497,113.234,112.78720000000001,0.008867378496049945,0.009719031631030273,hold,hold
2025-07-27 03:00:00,115.21,115.25,114.45,114.59,9009.927,114.24650000000001,113.2184,0.0038150803247497143,-0.000523331879633715,hold,hold
2025-07-27 11:00:00,113.48,113.92,112.88,113.18,21314.171,114.293,113.66760000000001,0.005089875049498107,-0.015140967629655333,hold,hold
2025-07-27 18:00:00,114.48,114.9,114.15,114.34,10845.134,114.04599999999998,113.72040000000001,0.004901403515280789,0.005186813186813133,sell,sell
2025-07-27 22:00:00,114.03,115.4,114.03,114.94,25783.261,113.982,113.918,0.005268406458937453,0.006391734524122228,sell,sell
2025-07-27 23:00:00,114.94,114.95,114.01,114.78,13395.584,113.9915,113.9434,0.005137583004389541,0.002532972311992454,sell,sell
2025-07-28 00:00:00,114.79,116.14,114.34,115.06,26482.276,114.00150000000001,113.97139999999999,0.005155381411366286,0.00629700892076257,sell,sell
2025-07-28 01:00:00,115.06,115.31,113.84,114.09,18748.15,113.96000000000001,113.9776,0.0052991838669850895,0.0021960646521432814,sell,sell
2025-07-28 02:00:00,114.09,116.25,113.86,115.32,27206.533,113.954,114.0194,0.005668527166150504,0.015051491946131534,sell,sell
2025-07-28 03:00:00,115.31,115.55,114.78,115.27,15122.398,114.00449999999998,114.082,0.005550958646274026,0.010874331316320207,sell,sell
2025-07-28 04:00:00,115.28,115.5,114.56,115.26,25167.718,114.117,114.1242,0.0055332441054993485,0.0027840612493474914,sell,sell
2025-07-28 05:00:00,115.26,116.41,115.24,116.08,31386.979,114.2875,114.1814,0.005712736681700035,0.011326014985189037,sell,sell
2025-07-28 06:00:00,116.09,116.29,115.45,115.81,14348.275,114.40450000000001,114.22820000000002,0.005670452355327361,0.00651833825830006,sell,sell
2025-07-28 10:00:00,114.72,114.78,113.64,113.78,15435.507,114.62100000000001,114.31019999999998,0.005168252570665841,-0.012840534443866125,sell,sell
2025-07-28 14:00:00,111.46,111.66,109.79,110.19,63397.442,114.2095,114.17020000000001,0.006316949312897953,-0.0368006993006994,hold,hold
2025-07-28 20:00:00,109.5,109.84,108.52,109.39,16366.082,112.84,113.6516,0.006281201054177573,-0.007260186949813896,hold,hold
2025-07-28 22:00:00,109.59,109.76,108.45,108.97,15609.49,112.298,113.435,0.005928936454318415,-0.014024610930148396,hold,hold
2025-07-29 05:00:00,108.91,109.73,108.72,109.73,8502.287,110.09549999999999,112.6522,0.005897973799479156,0.0065125665015595136,hold,hold
2025-07-29 20:00:00,108.11,108.87,107.29,108.25,19461.449,109.078,111.2242,0.0066061778607624695,0.0016655871194597438,hold,hold
2025-07-29 23:00:00,108.72,108.9,108.15,108.52,9061.323,109.08249999999998,110.91,0.006538844916713145,-0.006409082585607018,hold,hold
2025-07-30 06:00:00,108.79,109.39,108.74,109.18,13731.742,108.732,110.0358,0.0064552035563382225,0.01148786362794163,hold,hold
2025-07-30 10:00:00,108.47,109.14,107.88,108.13,36765.682,108.6935,109.52780000000001,0.006074095875641781,0.0004626202812731961,hold,hold
2025-07-30 12:00:00,107.43,108.79,106.82,108.32,33936.503,108.6395,109.2728,0.006067884940254961,-0.007876900531232911,hold,hold
2025-07-30 13:00:00,108.31,108.66,107.13,108.13,26016.201,108.58500000000001,109.1658,0.0059297445571369215,-0.010613962851130143,hold,hold
2025-07-30 23:00:00,110.06,111.39,109.98,110.5,24826.473,109.0625,109.0108,0.007443334709337237,0.0030864197530864335,hold,hold
2025-07-31 00:00:00,110.5,111.86,110.11,111.16,27716.251,109.2165,109.0546,0.007396783154578538,0.02887819326175478,sell,sell
2025-07-31 01:00:00,111.16,111.35,110.3,110.43,19026.333,109.299,109.0828,0.0073375358057931935,0.01386338597135528,sell,sell
2025-07-31 04:00:00,110.64,110.8,110.31,110.61,8788.358,109.46950000000001,109.2094,0.00710060599187188,0.004905968928863524,sell,sell
2025-07-31 05:00:00,110.61,110.94,110.35,110.68,8989.494,109.57950000000001,109.2374,0.007003773109457264,0.0016289592760181382,sell,sell
2025-07-31 06:00:00,110.67,111.35,110.45,111.02,10520.045,109.724,109.27939999999998,0.006993840436381503,-0.0012594458438287548,sell,sell
2025-07-31 07:00:00,111.02,111.09,110.48,110.67,11128.842,109.88600000000001,109.2982,0.00703782237692898,0.0021733224667208617,sell,sell
2025-07-31 08:00:00,110.67,111.22,110.57,111.14,15912.248,110.027,109.318,0.007015261261598142,0.005973931933381582,sell,sell
2025-07-31 09:00:00,111.14,111.42,110.86,111.03,10585.811,110.172,109.3266,0.006461085610654631,0.0035249457700650133,sell,sell
2025-07-31 10:00:00,111.04,111.16,110.54,110.62,12716.266,110.2305,109.33959999999999,0.006474997768730931,9.040773890256482e-05,sell,sell
2025-07-31 11:00:00,110.62,110.81,109.52,110.0,34635.419,110.26100000000001,109.3356,0.0064338700758080685,-0.006143838091796194,sell,sell
2025-07-31 13:00:00,109.95,110.02,108.81,109.59,25655.868,110.24749999999999,109.374,0.006283405086763836,-0.009758742206560034,sell,sell
2025-07-31 16:00:00,109.26,110.46,109.04,110.15,12951.055,110.3145,109.39059999999999,0.006271087615584563,-0.0042487796058579,sell,sell
2025-07-31 18:00:00,108.77,109.56,108.13,109.1,17698.857,110.22850000000001,109.4114,0.00542248940601427,-0.007821025827573713,hold,hold
2025-08-01 02:00:00,106.01,106.97,105.88,106.82,26023.751,108.749,109.1656,0.005239992865021142,-0.012023677395486598,hold,hold
